"Metric 12: Transportation Consumption","","","","","","","","","","","","","","","","","","","","","","","","","","","","","","","","","","","","","","","","","","","","","","","","","","","","","","","","","","","","","","","","","","","","","","","","","","","",""
"","","","","","","3","4","5","6","7","8","9","10","11","12","13","14","15","16","17","18","19","20","21","22","23","24","25","26","27","28","29","30","31","32","33","34","35","36","37","38","39","40","41","42","43","44","45","46","47","48","49","50","51","52","53","54","55","56","57","58","59","60","61","62","63","64","65","66","67","68","69","70","71","72","73"
"","","","Units","Source","Notes","1960","1961","1962","1963","1964","1965","1966","1967","1968","1969","1970","1971","1972","1973","1974","1975","1976","1977","1978","1979","1980","1981","1982","1983","1984","1985","1986","1987","1988","1989","1990","1991","1992","1993","1994","1995","1996","1997","1998","1999","2000","2001","2002","2003","2004","2005","2006","2007","2008","2009","2010","2011","2012","2013","2014","2015","2016","2017","2018","2019","2020","2021","2022","2023","2024","2025","2026","2027","2028","2029","2030"
"Variable TPU(c,y): Fuels Consumed by Transportation Sector by energy source and year (NOTE: Changes in all fuels considered)","","","","","","","","","","","","","","","","","","","","","","","","","","","","","","","","","","","","","","","","","","","","","","","","","","","","","","","","","","","","","","","","","","","","","","","","","","","",""
"Ground and Water Transportation","","","","","","","","","","","","","","","","","","","","","","","","","","","","","","","","","","","","","","","","","","","","","","","","","","","","","","","","","","","","","","","","","","","","","","","","","","","",""
"","Petroleum","PAACB","Billion Btu","","","#N/A","#N/A","#N/A","#N/A","#N/A","#N/A","#N/A","#N/A","#N/A","#N/A","#N/A","#N/A","#N/A","#N/A","#N/A","#N/A","#N/A","#N/A","#N/A","#N/A","#N/A","#N/A","#N/A","#N/A","#N/A","#N/A","#N/A","#N/A","#N/A","#N/A","#N/A","#N/A","#N/A","#N/A","#N/A","#N/A","#N/A","#N/A","#N/A","#N/A","#N/A","#N/A","#N/A","#N/A","#N/A","#N/A","#N/A","#N/A","#N/A","#N/A","#N/A","#N/A","#N/A","#N/A","#N/A","#N/A","#N/A","#N/A","#N/A","#N/A","#N/A","#N/A","#N/A","#N/A","#N/A","#N/A","#N/A","#N/A","#N/A","#N/A","#N/A"
"","Distillate fuel oil","DFACB","Billion Btu","","","1439","5524","5678","4456","6563","4919","3361","2480","3664","3600","4208","4782","4209","4329","5390","4842","7270","9040","10492","22640","19405","21455","15083","7268","8176","18548","17889","9016","17937","19182","20374","24473","16661","15579","18755","15613","11218","7695","7229","12051","9470","14287","19372","30179","31181","22263","19653","36125","15772","18057","23219","19684","18893","17651","9179","11820","12566","#N/A","#N/A","#N/A","#N/A","#N/A","#N/A","#N/A","#N/A","#N/A","#N/A","#N/A","#N/A","#N/A","#N/A"
"","LPG","LGACB","Billion Btu","","","#N/A","#N/A","#N/A","#N/A","#N/A","#N/A","#N/A","#N/A","#N/A","#N/A","#N/A","#N/A","#N/A","#N/A","#N/A","#N/A","#N/A","#N/A","#N/A","#N/A","#N/A","#N/A","#N/A","#N/A","#N/A","#N/A","#N/A","#N/A","#N/A","#N/A","#N/A","#N/A","#N/A","#N/A","#N/A","#N/A","#N/A","#N/A","#N/A","#N/A","#N/A","#N/A","#N/A","#N/A","#N/A","#N/A","#N/A","#N/A","#N/A","#N/A","#N/A","#N/A","#N/A","#N/A","#N/A","#N/A","#N/A","#N/A","#N/A","#N/A","#N/A","#N/A","#N/A","#N/A","#N/A","#N/A","#N/A","#N/A","#N/A","#N/A","#N/A"
"","Lubricants","LUACB","Billion Btu","","","117","114","415","415","436","445","462","389","428","402","410","363","389","387","371","451","500","451","484","507","451","433","395","413","441","411","402","454","438","449","462","413","421","429","449","441","428","452","473","478","471","431","426","394","399","397","387","400","371","334","464","510","453","477","425","454","420","#N/A","#N/A","#N/A","#N/A","#N/A","#N/A","#N/A","#N/A","#N/A","#N/A","#N/A","#N/A","#N/A","#N/A"
"","Motor Gasoline","MGACB","Billion Btu","","","17283","17859","18658","18976","19502","20734","21778","22966","24777","26267","28932","30110","31742","33886","33683","34747","36157","38123","39285","38650","37448","37163","37566","37572","39044","39096","40606","42199","43667","45037","44531","46076","45562","46081","47538","47796","47503","47478","47276","45804","47542","49930","53476","54359","54923","56310","59070","57179","53393","54010","49956","55674","52827","53632","53879","52927","53756","#N/A","#N/A","#N/A","#N/A","#N/A","#N/A","#N/A","#N/A","#N/A","#N/A","#N/A","#N/A","#N/A","#N/A"
"","Residual fuel oil","RFACB","Billion Btu","","","6087","8496","5989","6474","7705","7512","8675","9586","14441","15045","10963","11262","8072","8651","4874","6370","7191","9288","9933","7847","9060","7738","6665","9182","8297","9591","9786","6801","10274","13931","16703","16309","23616","16683","18457","16832","4413","3077","2410","10739","13995","16709","9035","5745","9388","7049","14933","28069","6146","7633","6756","6300","5699","5530","5330","4394","5091","#N/A","#N/A","#N/A","#N/A","#N/A","#N/A","#N/A","#N/A","#N/A","#N/A","#N/A","#N/A","#N/A","#N/A"
"","Synthetic Natural Gas","NGACB","Billion Btu","","","0","0","0","0","0","0","0","0","0","0","0","0","0","0","0","0","0","0","0","0","0","0","0","0","0","0","0","0","0","0","0","0","0","0","0","0","0","0","0","0","0","0","0","0","2","3","2","3","2","2","2","2","3","11","1","2","2","#N/A","#N/A","#N/A","#N/A","#N/A","#N/A","#N/A","#N/A","#N/A","#N/A","#N/A","#N/A","#N/A","#N/A"
"","Biofuels","","Billion Btu","","","0.0","0.0","0.0","0.0","0.0","0.0","0.0","0.0","0.0","0.0","0.0","0.0","0.0","0.0","0.0","0.0","0.0","0.0","0.0","0.0","0.0","0.0","0.0","0.0","0.0","0.0","0.0","0.0","0.0","0.0","0.0","0.0","0.0","0.0","0.0","0.0","0.0","0.0","0.0","0.0","0.0","0.0","0.0","0.0","0.0","0.0","0.0","0.0","0.0","0.0","21678.49475","315294.6214","218435.5195","289619.38445","341341.23705","476674.464882","353788.3184","498947.28345","127214.88945","0.0","0.0","0.0","0.0","0.0","0.0","0.0","0.0","0.0","0.0","0.0","0.0"
"","Ethanol","EMACB","Billion Btu","","","","","","","","","","","","","","","","","","","","","","","","","","","","","","","","","","","","","","","","","","","","","","","","","","","","","","","","","","","","","","","","","","","","","","","","",""
"","Biodiesel","-","Billion Btu","","","0.0","0.0","0.0","0.0","0.0","0.0","0.0","0.0","0.0","0.0","0.0","0.0","0.0","0.0","0.0","0.0","0.0","0.0","0.0","0.0","0.0","0.0","0.0","0.0","0.0","0.0","0.0","0.0","0.0","0.0","0.0","0.0","0.0","0.0","0.0","0.0","0.0","0.0","0.0","0.0","0.0","0.0","0.0","0.0","0.0","0.0","0.0","0.0","0.0","0.0","21678.49475","315294.6214","218435.5195","289619.38445","341341.23705","476674.464882","353788.3184","498947.28345","127214.88945","0.0","0.0","0.0","0.0","0.0","0.0","0.0","0.0","0.0","0.0","0.0","0.0"
"","All","","Billion Btu","","","#N/A","#N/A","#N/A","#N/A","#N/A","#N/A","#N/A","#N/A","#N/A","#N/A","#N/A","#N/A","#N/A","#N/A","#N/A","#N/A","#N/A","#N/A","#N/A","#N/A","#N/A","#N/A","#N/A","#N/A","#N/A","#N/A","#N/A","#N/A","#N/A","#N/A","#N/A","#N/A","#N/A","#N/A","#N/A","#N/A","#N/A","#N/A","#N/A","#N/A","#N/A","#N/A","#N/A","#N/A","#N/A","#N/A","#N/A","#N/A","#N/A","#N/A","#N/A","#N/A","#N/A","#N/A","#N/A","#N/A","#N/A","#N/A","#N/A","#N/A","#N/A","#N/A","#N/A","#N/A","#N/A","#N/A","#N/A","#N/A","#N/A","#N/A","#N/A"
"","Non-Petroleum Fuels","","","","","0.0","0.0","0.0","0.0","0.0","0.0","0.0","0.0","0.0","0.0","0.0","0.0","0.0","0.0","0.0","0.0","0.0","0.0","0.0","0.0","0.0","0.0","0.0","0.0","0.0","0.0","0.0","0.0","0.0","0.0","0.0","0.0","0.0","0.0","0.0","0.0","0.0","0.0","0.0","0.0","0.0","0.0","0.0","0.0","2.0","3.0","2.0","3.0","2.0","2.0","21680.49475","315296.6214","218438.5195","289630.38445","341342.23705","476676.464882","353790.3184","#N/A","#N/A","#N/A","#N/A","#N/A","#N/A","#N/A","#N/A","#N/A","#N/A","#N/A","#N/A","#N/A","#N/A"
"Variable TPU(c,y): Fuels Consumed by Transportation Sector by energy source and year in gallons (NOTE: Changes in all fuels considered)","","","","","","","","","","","","","","","","","","","","","","","","","","","","","","","","","","","","","","","","","","","","","","","","","","","","","","","","","","","","","","","","","","","","","","","","","","","",""
"Ground and Water Transportation","","","","","","","","","","","","","","","","","","","","","","","","","","","","","","","","","","","","","","","","","","","","","","","","","","","","","","","","","","","","","","","","","","","","","","","","","","","",""
"","Petroleum","PAACP","Million Gallons","","","#N/A","#N/A","#N/A","#N/A","#N/A","#N/A","#N/A","#N/A","#N/A","#N/A","#N/A","#N/A","#N/A","#N/A","#N/A","#N/A","#N/A","#N/A","#N/A","#N/A","#N/A","#N/A","#N/A","#N/A","#N/A","#N/A","#N/A","#N/A","#N/A","#N/A","#N/A","#N/A","#N/A","#N/A","#N/A","#N/A","#N/A","#N/A","#N/A","#N/A","#N/A","#N/A","#N/A","#N/A","#N/A","#N/A","#N/A","#N/A","#N/A","#N/A","#N/A","#N/A","#N/A","#N/A","#N/A","#N/A","#N/A","#N/A","#N/A","#N/A","#N/A","#N/A","#N/A","#N/A","#N/A","#N/A","#N/A","#N/A","#N/A","#N/A","#N/A"
"","Distillate fuel oil","DFACP","Million Gallons","","","10.374","39.816","40.95","32.13","47.334","35.448","24.234","17.892","26.418","25.956","30.324","34.482","30.366","31.206","38.85","34.902","52.416","65.184","75.642","163.254","139.902","154.686","108.738","52.416","58.968","133.728","128.982","65.016","129.318","138.306","146.916","176.442","120.12","112.308","135.366","112.686","80.976","55.524","52.164","86.982","68.334","103.11","139.818","217.812","225.078","160.734","142.254","262.332","114.618","131.208","168.798","143.178","137.508","128.52","66.822","86.058","91.518","#N/A","#N/A","#N/A","#N/A","#N/A","#N/A","#N/A","#N/A","#N/A","#N/A","#N/A","#N/A","#N/A","#N/A"
"","LPG","LGACP","Million Gallons","","","#N/A","#N/A","#N/A","#N/A","#N/A","#N/A","#N/A","#N/A","#N/A","#N/A","#N/A","#N/A","#N/A","#N/A","#N/A","#N/A","#N/A","#N/A","#N/A","#N/A","#N/A","#N/A","#N/A","#N/A","#N/A","#N/A","#N/A","#N/A","#N/A","#N/A","#N/A","#N/A","#N/A","#N/A","#N/A","#N/A","#N/A","#N/A","#N/A","#N/A","#N/A","#N/A","#N/A","#N/A","#N/A","#N/A","#N/A","#N/A","#N/A","#N/A","#N/A","#N/A","#N/A","#N/A","#N/A","#N/A","#N/A","#N/A","#N/A","#N/A","#N/A","#N/A","#N/A","#N/A","#N/A","#N/A","#N/A","#N/A","#N/A","#N/A","#N/A"
"","Lubricants","LUACP","Million Gallons","","","0.798","0.798","2.856","2.856","3.024","3.066","3.192","2.688","2.982","2.772","2.856","2.52","2.688","2.688","2.562","3.108","3.486","3.108","3.36","3.528","3.108","2.982","2.73","2.856","3.066","2.856","2.772","3.15","3.024","3.108","3.192","2.856","2.898","2.982","3.108","3.066","2.982","3.15","3.276","3.318","3.276","2.982","2.94","2.73","2.772","2.73","2.688","2.772","2.562","2.31","3.192","3.528","3.15","3.318","2.94","3.15","2.898","#N/A","#N/A","#N/A","#N/A","#N/A","#N/A","#N/A","#N/A","#N/A","#N/A","#N/A","#N/A","#N/A","#N/A"
"","Motor Gasoline","MGACP","Million Gallons","","","138.18","142.8","149.184","151.704","155.946","165.774","174.132","183.624","198.114","210.0","231.336","240.744","253.806","270.942","269.304","277.83","289.086","304.794","314.118","309.036","299.418","297.15","300.342","300.426","312.186","312.606","324.66","337.386","349.146","360.108","356.034","368.382","364.308","369.936","381.696","384.72","382.368","382.368","380.73","369.012","382.956","402.192","431.004","438.816","443.52","454.986","477.918","465.864","437.472","444.696","413.196","461.37","438.228","444.99","447.216","439.32","446.292","#N/A","#N/A","#N/A","#N/A","#N/A","#N/A","#N/A","#N/A","#N/A","#N/A","#N/A","#N/A","#N/A","#N/A"
"","Residual fuel oil","RFACP","Million Gallons","","","40.656","56.742","40.026","43.26","51.492","50.19","57.96","64.05","96.474","100.506","73.248","75.222","53.928","57.792","32.55","42.546","48.048","62.034","66.36","52.416","60.522","51.702","44.52","61.362","55.44","64.092","65.394","45.444","68.628","93.072","111.594","108.948","157.752","111.468","123.312","112.434","29.484","20.538","16.086","71.736","93.492","111.636","60.354","38.388","62.706","47.082","99.75","187.53","41.076","50.988","45.15","42.084","38.052","36.96","35.616","29.358","34.02","#N/A","#N/A","#N/A","#N/A","#N/A","#N/A","#N/A","#N/A","#N/A","#N/A","#N/A","#N/A","#N/A","#N/A"
"","Synthetic Natural Gas","NGACP","Million Gallons","","","0.0","0.0","0.0","0.0","0.0","0.0","0.0","0.0","0.0","0.0","0.0","0.0","0.0","0.0","0.0","0.0","0.0","0.0","0.0","0.0","0.0","0.0","0.0","0.0","0.0","0.0","0.0","0.0","0.0","0.0","0.0","0.0","0.0","0.0","0.0","0.0","0.0","0.0","0.0","0.0","0.0","0.0","0.0","0.0","0.084","0.084","0.084","0.126","0.084","0.084","0.084","0.084","0.126","0.462","0.042","0.084","0.084","#N/A","#N/A","#N/A","#N/A","#N/A","#N/A","#N/A","#N/A","#N/A","#N/A","#N/A","#N/A","#N/A","#N/A"
"","Biofuels","","Million Gallons","","","0","0","0","0","0","0","0","0","0","0","0","0","0","0","0","0","0","0","0","0","0","0","0","0","0","0","0","0","0","0","0","0","0","0","0","0","0","0","0","0","0","0","0","0","0","0","0.0","0.0","0.0","0.0","0.30891","4.492824","3.11262","4.126962","4.863978","6.79242312","5.041344","7.109802","1.812762","0.0","0.0","0.0","0.0","0.0","0.0","0.0","0.0","0.0","0.0","0.0","0.0"
"","Ethanol","EMACP","Million Gallons","","","","","","","","","","","","","","","","","","","","","","","","","","","","","","","","","","","","","","","","","","","","","","","","","","","","","","","","","","","","","","","","","","","","","","","","",""
"","Biodiesel","-","Million Gallons","","","0","0","0","0","0","0","0","0","0","0","0","0","0","0","0","0","0","0","0","0","0","0","0","0","0","0","0","0","0","0","0","0","0","0","0","0","0","0","0","0","0","0","0","0","0","0","0.0","0.0","0.0","0.0","0.30891","4.492824","3.11262","4.126962","4.863978","6.79242312","5.041344","7.109802","1.812762","0.0","0.0","0.0","0.0","0.0","0.0","0.0","0.0","0.0","0.0","0.0","0.0"
"","All","","Million Gallons","","","#N/A","#N/A","#N/A","#N/A","#N/A","#N/A","#N/A","#N/A","#N/A","#N/A","#N/A","#N/A","#N/A","#N/A","#N/A","#N/A","#N/A","#N/A","#N/A","#N/A","#N/A","#N/A","#N/A","#N/A","#N/A","#N/A","#N/A","#N/A","#N/A","#N/A","#N/A","#N/A","#N/A","#N/A","#N/A","#N/A","#N/A","#N/A","#N/A","#N/A","#N/A","#N/A","#N/A","#N/A","#N/A","#N/A","#N/A","#N/A","#N/A","#N/A","#N/A","#N/A","#N/A","#N/A","#N/A","#N/A","#N/A","#N/A","#N/A","#N/A","#N/A","#N/A","#N/A","#N/A","#N/A","#N/A","#N/A","#N/A","#N/A","#N/A","#N/A"
"","Non-Petroleum Fuels","","","","","0.0","0.0","0.0","0.0","0.0","0.0","0.0","0.0","0.0","0.0","0.0","0.0","0.0","0.0","0.0","0.0","0.0","0.0","0.0","0.0","0.0","0.0","0.0","0.0","0.0","0.0","0.0","0.0","0.0","0.0","0.0","0.0","0.0","0.0","0.0","0.0","0.0","0.0","0.0","0.0","0.0","0.0","0.0","0.0","0.084","0.084","0.084","0.126","0.084","0.084","0.39291","4.576824","3.23862","4.588962","4.905978","6.87642312","5.125344","#N/A","#N/A","#N/A","#N/A","#N/A","#N/A","#N/A","#N/A","#N/A","#N/A","#N/A","#N/A","#N/A","#N/A"
"Variable RTPU(y): Reduction in trasportation Petroleum use in year y (NOTE: Changes in all fuels considered)","","","","","","","","","","","","","","","","","","","","","","","","","","","","","","","","","","","","","","","","","","","","","","","","","","","","","","","","","","","","","","","","","","","","","","","","","","","",""
"","","","","","","","","","","","","","","","","","","","","","","","","","","","","","","","","","","","","","","","","","","","","","","","","","","","","","","","","","","","","","","","","","","","","","","","","","","","",""
"Ground and Water Transportation","","","","","","","","","","","","","","","","","","","","","","","","","","","","","","","","","","","","","","","","","","","","","","","","","","","","","","","","","","","","","","","","","","","","","","","","","","","",""
"","Petroleum","PAACB","Billion Btu","","","","#N/A","#N/A","#N/A","#N/A","#N/A","#N/A","#N/A","#N/A","#N/A","#N/A","#N/A","#N/A","#N/A","#N/A","#N/A","#N/A","#N/A","#N/A","#N/A","#N/A","#N/A","#N/A","#N/A","#N/A","#N/A","#N/A","#N/A","#N/A","#N/A","#N/A","#N/A","#N/A","#N/A","#N/A","#N/A","#N/A","#N/A","#N/A","#N/A","#N/A","#N/A","#N/A","#N/A","#N/A","#N/A","#N/A","#N/A","#N/A","#N/A","#N/A","#N/A","#N/A","#N/A","#N/A","#N/A","#N/A","#N/A","#N/A","#N/A","#N/A","#N/A","#N/A","#N/A","#N/A","#N/A","#N/A","#N/A","#N/A","#N/A","#N/A"
"","Distillate fuel oil","DFACB","Billion Btu","","","","-4085","-154","1222","-2107","1644","1558","881","-1184","64","-608","-574","573","-120","-1061","548","-2428","-1770","-1452","-12148","3235","-2050","6372","7815","-908","-10372","659","8873","-8921","-1245","-1192","-4099","7812","1082","-3176","3142","4395","3523","466","-4822","2581","-4817","-5085","-10807","-1002","8918","2610","-16472","20353","-2285","-5162","3535","791","1242","8472","-2641","-746","#N/A","#N/A","#N/A","#N/A","#N/A","#N/A","#N/A","#N/A","#N/A","#N/A","#N/A","#N/A","#N/A","#N/A"
"","LPG","LGACB","Billion Btu","","","","#N/A","#N/A","#N/A","#N/A","#N/A","#N/A","#N/A","#N/A","#N/A","#N/A","#N/A","#N/A","#N/A","#N/A","#N/A","#N/A","#N/A","#N/A","#N/A","#N/A","#N/A","#N/A","#N/A","#N/A","#N/A","#N/A","#N/A","#N/A","#N/A","#N/A","#N/A","#N/A","#N/A","#N/A","#N/A","#N/A","#N/A","#N/A","#N/A","#N/A","#N/A","#N/A","#N/A","#N/A","#N/A","#N/A","#N/A","#N/A","#N/A","#N/A","#N/A","#N/A","#N/A","#N/A","#N/A","#N/A","#N/A","#N/A","#N/A","#N/A","#N/A","#N/A","#N/A","#N/A","#N/A","#N/A","#N/A","#N/A","#N/A","#N/A"
"","Lubricants","LUACB","Billion Btu","","","","3","-301","0","-21","-9","-17","73","-39","26","-8","47","-26","2","16","-80","-49","49","-33","-23","56","18","38","-18","-28","30","9","-52","16","-11","-13","49","-8","-8","-20","8","13","-24","-21","-5","7","40","5","32","-5","2","10","-13","29","37","-130","-46","57","-24","52","-29","34","#N/A","#N/A","#N/A","#N/A","#N/A","#N/A","#N/A","#N/A","#N/A","#N/A","#N/A","#N/A","#N/A","#N/A"
"","Motor Gasoline","MGACB","Billion Btu","","","","-576","-799","-318","-526","-1232","-1044","-1188","-1811","-1490","-2665","-1178","-1632","-2144","203","-1064","-1410","-1966","-1162","635","1202","285","-403","-6","-1472","-52","-1510","-1593","-1468","-1370","506","-1545","514","-519","-1457","-258","293","25","202","1472","-1738","-2388","-3546","-883","-564","-1387","-2760","1891","3786","-617","4054","-5718","2847","-805","-247","952","-829","#N/A","#N/A","#N/A","#N/A","#N/A","#N/A","#N/A","#N/A","#N/A","#N/A","#N/A","#N/A","#N/A","#N/A"
"","Residual fuel oil","RFACB","Billion Btu","","","","-2409","2507","-485","-1231","193","-1163","-911","-4855","-604","4082","-299","3190","-579","3777","-1496","-821","-2097","-645","2086","-1213","1322","1073","-2517","885","-1294","-195","2985","-3473","-3657","-2772","394","-7307","6933","-1774","1625","12419","1336","667","-8329","-3256","-2714","7674","3290","-3643","2339","-7884","-13136","21923","-1487","877","456","601","169","200","936","-697","#N/A","#N/A","#N/A","#N/A","#N/A","#N/A","#N/A","#N/A","#N/A","#N/A","#N/A","#N/A","#N/A","#N/A"
"","Synthetic Natural Gas","NGACB","Billion Btu","","","","0","0","0","0","0","0","0","0","0","0","0","0","0","0","0","0","0","0","0","0","0","0","0","0","0","0","0","0","0","0","0","0","0","0","0","0","0","0","0","0","0","0","0","-2","-1","1","-1","1","0","0","0","-1","-8","10","-1","0","#N/A","#N/A","#N/A","#N/A","#N/A","#N/A","#N/A","#N/A","#N/A","#N/A","#N/A","#N/A","#N/A","#N/A"
"","Biofuels","","Billion Btu","","","","0.0","0.0","0.0","0.0","0.0","0.0","0.0","0.0","0.0","0.0","0.0","0.0","0.0","0.0","0.0","0.0","0.0","0.0","0.0","0.0","0.0","0.0","0.0","0.0","0.0","0.0","0.0","0.0","0.0","0.0","0.0","0.0","0.0","0.0","0.0","0.0","0.0","0.0","0.0","0.0","0.0","0.0","0.0","0.0","0.0","0.0","0.0","0.0","0.0","-21678.49475","-293616.12665","96859.1019","-71183.86495","-51721.8526","-135333.227832","122886.146482","-145158.96505","371732.394","127214.88945","0.0","0.0","0.0","0.0","0.0","0.0","0.0","0.0","0.0","0.0","0.0"
"","Ethanol","EMACB","Billion Btu","","","","0","0","0","0","0","0","0","0","0","0","0","0","0","0","0","0","0","0","0","0","0","0","0","0","0","0","0","0","0","0","0","0","0","0","0","0","0","0","0","0","0","0","0","0","0","0","0","0","0","0","0","0","0","0","0","0","0","0","0","0","0","0","0","0","0","0","0","0","0","0"
"","Biodiesel","-","Billion Btu","","","","0.0","0.0","0.0","0.0","0.0","0.0","0.0","0.0","0.0","0.0","0.0","0.0","0.0","0.0","0.0","0.0","0.0","0.0","0.0","0.0","0.0","0.0","0.0","0.0","0.0","0.0","0.0","0.0","0.0","0.0","0.0","0.0","0.0","0.0","0.0","0.0","0.0","0.0","0.0","0.0","0.0","0.0","0.0","0.0","0.0","0.0","0.0","0.0","0.0","-21678.49475","-293616.12665","96859.1019","-71183.86495","-51721.8526","-135333.227832","122886.146482","-145158.96505","371732.394","127214.88945","0.0","0.0","0.0","0.0","0.0","0.0","0.0","0.0","0.0","0.0","0.0"
"","All","","Billion Btu","","","","#N/A","#N/A","#N/A","#N/A","#N/A","#N/A","#N/A","#N/A","#N/A","#N/A","#N/A","#N/A","#N/A","#N/A","#N/A","#N/A","#N/A","#N/A","#N/A","#N/A","#N/A","#N/A","#N/A","#N/A","#N/A","#N/A","#N/A","#N/A","#N/A","#N/A","#N/A","#N/A","#N/A","#N/A","#N/A","#N/A","#N/A","#N/A","#N/A","#N/A","#N/A","#N/A","#N/A","#N/A","#N/A","#N/A","#N/A","#N/A","#N/A","#N/A","#N/A","#N/A","#N/A","#N/A","#N/A","#N/A","#N/A","#N/A","#N/A","#N/A","#N/A","#N/A","#N/A","#N/A","#N/A","#N/A","#N/A","#N/A","#N/A","#N/A"
"","","","","","","","","","","","","","","","","","","","","","","","","","","","","","","","","","","","","","","","","","","","","","","","","","","","","","","","","","","","","","","","","","","","","","","","","","","","",""
"Variable RTPU(y): Reduction in trasportation Petroleum use in year y as percent(NOTE: Changes in all fuels considered)","","","","","","","","","","","","","","","","","","","","","","","","","","","","","","","","","","","","","","","","","","","","","","","","","","","","","","","","","","","","","","","","","","","","","","","","","","","",""
"","","","","","","","","","","","","","","","","","","","","","","","","","","","","","","","","","","","","","","","","","","","","","","","","","","","","","","","","","","","","","","","","","","","","","","","","","","","",""
"Ground and Water Transportation","","","","","","","","","","","","","","","","","","","","","","","","","","","","","","","","","","","","","","","","","","","","","","","","","","","","","","","","","","","","","","","","","","","","","","","","","","","",""
"","Petroleum","PAACB","Percent","","","","#N/A","#N/A","#N/A","#N/A","#N/A","#N/A","#N/A","#N/A","#N/A","#N/A","#N/A","#N/A","#N/A","#N/A","#N/A","#N/A","#N/A","#N/A","#N/A","#N/A","#N/A","#N/A","#N/A","#N/A","#N/A","#N/A","#N/A","#N/A","#N/A","#N/A","#N/A","#N/A","#N/A","#N/A","#N/A","#N/A","#N/A","#N/A","#N/A","#N/A","#N/A","#N/A","#N/A","#N/A","#N/A","#N/A","#N/A","#N/A","#N/A","#N/A","#N/A","#N/A","#N/A","#N/A","#N/A","#N/A","#N/A","#N/A","#N/A","#N/A","#N/A","#N/A","#N/A","#N/A","#N/A","#N/A","#N/A","#N/A","#N/A","#N/A"
"","Distillate fuel oil","DFACB","Percent","","","","-2.83877692842","-0.0278783490224","0.215216625572","-0.472845601436","0.250495200366","0.316731042895","0.262124367748","-0.477419354839","0.0174672489083","-0.168888888889","-0.136406844106","0.11982434128","-0.0285103349964","-0.245091245091","0.101669758813","-0.501445683602","-0.243466299862","-0.160619469027","-1.1578345406","0.14288869258","-0.105642875548","0.29699370776","0.518132997414","-0.124931205283","-1.26859099804","0.0355294371361","0.496003130415","-0.989463176575","-0.0694096002676","-0.062141591075","-0.201187788358","0.31920892412","0.0649420803073","-0.203864176135","0.167528659024","0.281496189073","0.314048850062","0.0605588044185","-0.667035551252","0.214173097668","-0.508658922914","-0.355917967383","-0.557867024572","-0.0332018953577","0.28600750457","0.117234874006","-0.838141759528","0.563404844291","-0.14487699721","-0.285872514814","0.152246005427","0.0401849217639","0.0657386333563","0.479972806073","-0.287721974071","-0.0631133671743","#N/A","#N/A","#N/A","#N/A","#N/A","#N/A","#N/A","#N/A","#N/A","#N/A","#N/A","#N/A","#N/A","#N/A"
"","LPG","LGACB","Percent","","","","#N/A","#N/A","#N/A","#N/A","#N/A","#N/A","#N/A","#N/A","#N/A","#N/A","#N/A","#N/A","#N/A","#N/A","#N/A","#N/A","#N/A","#N/A","#N/A","#N/A","#N/A","#N/A","#N/A","#N/A","#N/A","#N/A","#N/A","#N/A","#N/A","#N/A","#N/A","#N/A","#N/A","#N/A","#N/A","#N/A","#N/A","#N/A","#N/A","#N/A","#N/A","#N/A","#N/A","#N/A","#N/A","#N/A","#N/A","#N/A","#N/A","#N/A","#N/A","#N/A","#N/A","#N/A","#N/A","#N/A","#N/A","#N/A","#N/A","#N/A","#N/A","#N/A","#N/A","#N/A","#N/A","#N/A","#N/A","#N/A","#N/A","#N/A"
"","Lubricants","LUACB","Percent","","","","0.025641025641","-2.64035087719","0.0","-0.0506024096386","-0.0206422018349","-0.038202247191","0.158008658009","-0.100257069409","0.0607476635514","-0.0199004975124","0.114634146341","-0.0716253443526","0.00514138817481","0.0413436692506","-0.215633423181","-0.108647450111","0.098","-0.0731707317073","-0.047520661157","0.110453648915","0.039911308204","0.0877598152425","-0.0455696202532","-0.0677966101695","0.0680272108844","0.021897810219","-0.129353233831","0.0352422907489","-0.0251141552511","-0.0289532293987","0.106060606061","-0.0193704600484","-0.0190023752969","-0.04662004662","0.0178173719376","0.0294784580499","-0.0560747663551","-0.0464601769912","-0.0105708245243","0.0146443514644","0.0849256900212","0.0116009280742","0.075117370892","-0.0126903553299","0.00501253132832","0.0251889168766","-0.0335917312661","0.0725","0.099730458221","-0.389221556886","-0.0991379310345","0.111764705882","-0.0529801324503","0.109014675052","-0.0682352941176","0.0748898678414","#N/A","#N/A","#N/A","#N/A","#N/A","#N/A","#N/A","#N/A","#N/A","#N/A","#N/A","#N/A","#N/A","#N/A"
"","Motor Gasoline","MGACB","Percent","","","","-0.0333275473008","-0.0447393471079","-0.0170436273984","-0.0277192242833","-0.0631730078966","-0.0503520787113","-0.0545504637708","-0.07885569973","-0.0601364168382","-0.101458103324","-0.0407161620351","-0.0542012620392","-0.0675445781614","0.00599067461489","-0.0315886352166","-0.0405790427951","-0.0543739801422","-0.0304802874905","0.0161639302533","0.0310996119017","0.00761055330058","-0.0108441191508","-0.000159718894745","-0.0391781113595","-0.00133183075505","-0.0386228770207","-0.0392306555681","-0.0347875542074","-0.0313738063068","0.0112352066079","-0.0346949316207","0.0111554822467","-0.011391071507","-0.0316182374514","-0.00542723715764","0.0061302201021","0.000526282550576","0.00425460213151","0.031136305948","-0.037944284342","-0.0502292709604","-0.0710194271981","-0.0165120801855","-0.010375466804","-0.0252535367697","-0.0490143846564","0.0320128660911","0.0662131202015","-0.0115558219242","0.0750601740418","-0.114460725438","0.0511369759672","-0.0152384197475","-0.00460545942721","0.0176692217747","-0.0156630831145","#N/A","#N/A","#N/A","#N/A","#N/A","#N/A","#N/A","#N/A","#N/A","#N/A","#N/A","#N/A","#N/A","#N/A"
"","Residual fuel oil","RFACB","Percent","","","","-0.395761458847","0.295080037665","-0.0809817999666","-0.190145196169","0.025048669695","-0.154818956337","-0.105014409222","-0.506467765491","-0.0418253583547","0.271319375208","-0.0272735565083","0.283253418576","-0.0717294350842","0.436596925211","-0.306934755847","-0.128885400314","-0.291614518148","-0.0694444444444","0.210007047216","-0.154581368676","0.14591611479","0.138666322047","-0.377644411103","0.0963842300152","-0.155959985537","-0.0203315608383","0.305027590435","-0.51066019703","-0.355947050808","-0.198980690546","0.0235885769024","-0.448034827396","0.293572154472","-0.106335790925","0.088042477109","0.73782081749","0.302741898935","0.21676958076","-3.45601659751","-0.303193965919","-0.193926402287","0.459273445449","0.364139457665","-0.634116623151","0.249147848317","-1.11845651866","-0.879662492466","0.781039581032","-0.241945981126","0.11489584698","0.0674955595027","0.0953968253968","0.0296543253202","0.0361663652803","0.175609756098","-0.15862539827","#N/A","#N/A","#N/A","#N/A","#N/A","#N/A","#N/A","#N/A","#N/A","#N/A","#N/A","#N/A","#N/A","#N/A"
"","Synthetic Natural Gas","NGACB","Percent","","","","","","","","","","","","","","","","","","","","","","","","","","","","","","","","","","","","","","","","","","","","","","","","","","","","","","","","","","","","","","","","","","","","","","","","",""
"","Biofuels","","Percent","","","","","","","","","","","","","","","","","","","","","","","","","","","","","","","","","","","","","","","","","","","","","","","","","","","","","","","","","","","","","","","","","","","","","","","","",""
"","Ethanol","EMACB","Percent","","","","","","","","","","","","","","","","","","","","","","","","","","","","","","","","","","","","","","","","","","","","","","","","","","","","","","","","","","","","","","","","","","","","","","","","",""
"","Biodiesel","-","Percent","","","","","","","","","","","","","","","","","","","","","","","","","","","","","","","","","","","","","","","","","","","","","","","","","","","","","","","","","","","","","","","","","","","","","","","","",""
"","All","","Percent","","","","#N/A","#N/A","#N/A","#N/A","#N/A","#N/A","#N/A","#N/A","#N/A","#N/A","#N/A","#N/A","#N/A","#N/A","#N/A","#N/A","#N/A","#N/A","#N/A","#N/A","#N/A","#N/A","#N/A","#N/A","#N/A","#N/A","#N/A","#N/A","#N/A","#N/A","#N/A","#N/A","#N/A","#N/A","#N/A","#N/A","#N/A","#N/A","#N/A","#N/A","#N/A","#N/A","#N/A","#N/A","#N/A","#N/A","#N/A","#N/A","#N/A","#N/A","#N/A","#N/A","#N/A","#N/A","#N/A","#N/A","#N/A","#N/A","#N/A","#N/A","#N/A","#N/A","#N/A","#N/A","#N/A","#N/A","#N/A","#N/A","#N/A","#N/A"
"","","","","","","","","","","","","","","","","","","","","","","","","","","","","","","","","","","","","","","","","","","","","","","","","","","","","","","","","","","","","","","","","","","","","","","","","","","","",""
"Variable TU2030(y): Projected Trasportation 2030 Demand (As reported by DBEDT in 'Biofuels Study Final Report to the Legislature In Accordance with Act 203, Session Laws of Hawaii, 2011)","","","","","","","","","","","","","","","","","","","","","","","","","","","","","","","","","","","","","","","","","","","","","","","","","","","","","","","","","","","","","","","","","","","","","","","","","","","",""
"","","","","","","","","","","","","","","","","","","","","","","","","","","","","","","","","","","","","","","","","","","","","","","","","","","","","","","","","","","","","","","","","","","","","","","","","","","","",""
"","Ground Transportation","","Million Gallons","","345.0","","","","","","","","","","","","","","","","","","","","","","","","","","","","","","","","","","","","","","","","","","","","","","","","","","","","","","","","","","","","","","","","","","","","","","",""
"","Water Transportation","","Million Gallons","","175.0","","","","","","","","","","","","","","","","","","","","","","","","","","","","","","","","","","","","","","","","","","","","","","","","","","","","","","","","","","","","","","","","","","","","","","",""
"","Total","","Million Gallons","","520.0","","","","","","","","","","","","","","","","","","","","","","","","","","","","","","","","","","","","","","","","","","","","","","","","","","","","","","","","","","","","","","","","","","","","","","",""
"","","","","","","","","","","","","","","","","","","","","","","","","","","","","","","","","","","","","","","","","","","","","","","","","","","","","","","","","","","","","","","","","","","","","","","","","","","","",""
"Variable TP2030(y): Trasportation Petroleum use as percent of projected 2030 Demand (As reported by DBEDT in 'Biofuels Study Final Report to the Legislature In Accordance with Act 203, Session Laws of Hawaii, 2011)","","","","","","","","","","","","","","","","","","","","","","","","","","","","","","","","","","","","","","","","","","","","","","","","","","","","","","","","","","","","","","","","","","","","","","","","","","","",""
"","","","","","","","","","","","","","","","","","","","","","","","","","","","","","","","","","","","","","","","","","","","","","","","","","","","","","","","","","","","","","","","","","","","","","","","","","","","",""
"Ground and Water Transportation","","","","","","","","","","","","","","","","","","","","","","","","","","","","","","","","","","","","","","","","","","","","","","","","","","","","","","","","","","","","","","","","","","","","","","","","","","","",""
"","Petroleum","PAACB","Percent","","","","#N/A","#N/A","#N/A","#N/A","#N/A","#N/A","#N/A","#N/A","#N/A","#N/A","#N/A","#N/A","#N/A","#N/A","#N/A","#N/A","#N/A","#N/A","#N/A","#N/A","#N/A","#N/A","#N/A","#N/A","#N/A","#N/A","#N/A","#N/A","#N/A","#N/A","#N/A","#N/A","#N/A","#N/A","#N/A","#N/A","#N/A","#N/A","#N/A","#N/A","#N/A","#N/A","#N/A","#N/A","#N/A","#N/A","#N/A","#N/A","#N/A","#N/A","#N/A","#N/A","#N/A","#N/A","#N/A","#N/A","#N/A","#N/A","#N/A","#N/A","#N/A","#N/A","#N/A","#N/A","#N/A","#N/A","#N/A","#N/A","#N/A","#N/A"
"","Distillate fuel oil","DFACB","Percent","","","","0.0765692307692","0.07875","0.0617884615385","0.0910269230769","0.0681692307692","0.0466038461538","0.0344076923077","0.0508038461538","0.0499153846154","0.0583153846154","0.0663115384615","0.0583961538462","0.0600115384615","0.0747115384615","0.0671192307692","0.1008","0.125353846154","0.145465384615","0.31395","0.269042307692","0.297473076923","0.209111538462","0.1008","0.1134","0.257169230769","0.248042307692","0.125030769231","0.248688461538","0.265973076923","0.282530769231","0.339311538462","0.231","0.215976923077","0.260319230769","0.216703846154","0.155723076923","0.106776923077","0.100315384615","0.167273076923","0.131411538462","0.198288461538","0.268880769231","0.418869230769","0.432842307692","0.309103846154","0.273565384615","0.504484615385","0.220419230769","0.252323076923","0.324611538462","0.275342307692","0.264438461538","0.247153846154","0.128503846154","0.165496153846","0.175996153846","#N/A","#N/A","#N/A","#N/A","#N/A","#N/A","#N/A","#N/A","#N/A","#N/A","#N/A","#N/A","#N/A","#N/A"
"","LPG","LGACB","Percent","","","","#N/A","#N/A","#N/A","#N/A","#N/A","#N/A","#N/A","#N/A","#N/A","#N/A","#N/A","#N/A","#N/A","#N/A","#N/A","#N/A","#N/A","#N/A","#N/A","#N/A","#N/A","#N/A","#N/A","#N/A","#N/A","#N/A","#N/A","#N/A","#N/A","#N/A","#N/A","#N/A","#N/A","#N/A","#N/A","#N/A","#N/A","#N/A","#N/A","#N/A","#N/A","#N/A","#N/A","#N/A","#N/A","#N/A","#N/A","#N/A","#N/A","#N/A","#N/A","#N/A","#N/A","#N/A","#N/A","#N/A","#N/A","#N/A","#N/A","#N/A","#N/A","#N/A","#N/A","#N/A","#N/A","#N/A","#N/A","#N/A","#N/A","#N/A"
"","Lubricants","LUACB","Percent","","","","0.00153461538462","0.00549230769231","0.00549230769231","0.00581538461538","0.00589615384615","0.00613846153846","0.00516923076923","0.00573461538462","0.00533076923077","0.00549230769231","0.00484615384615","0.00516923076923","0.00516923076923","0.00492692307692","0.00597692307692","0.00670384615385","0.00597692307692","0.00646153846154","0.00678461538462","0.00597692307692","0.00573461538462","0.00525","0.00549230769231","0.00589615384615","0.00549230769231","0.00533076923077","0.00605769230769","0.00581538461538","0.00597692307692","0.00613846153846","0.00549230769231","0.00557307692308","0.00573461538462","0.00597692307692","0.00589615384615","0.00573461538462","0.00605769230769","0.0063","0.00638076923077","0.0063","0.00573461538462","0.00565384615385","0.00525","0.00533076923077","0.00525","0.00516923076923","0.00533076923077","0.00492692307692","0.00444230769231","0.00613846153846","0.00678461538462","0.00605769230769","0.00638076923077","0.00565384615385","0.00605769230769","0.00557307692308","#N/A","#N/A","#N/A","#N/A","#N/A","#N/A","#N/A","#N/A","#N/A","#N/A","#N/A","#N/A","#N/A","#N/A"
"","Motor Gasoline","MGACB","Percent","","","","0.274615384615","0.286892307692","0.291738461538","0.299896153846","0.318796153846","0.334869230769","0.353123076923","0.380988461538","0.403846153846","0.444876923077","0.462969230769","0.488088461538","0.521042307692","0.517892307692","0.534288461538","0.555934615385","0.586142307692","0.604073076923","0.5943","0.575803846154","0.571442307692","0.577580769231","0.577742307692","0.600357692308","0.601165384615","0.624346153846","0.648819230769","0.671434615385","0.692515384615","0.684680769231","0.708426923077","0.700592307692","0.711415384615","0.734030769231","0.739846153846","0.735323076923","0.735323076923","0.732173076923","0.709638461538","0.736453846154","0.773446153846","0.828853846154","0.843876923077","0.852923076923","0.874973076923","0.919073076923","0.895892307692","0.841292307692","0.855184615385","0.794607692308","0.88725","0.842746153846","0.85575","0.860030769231","0.844846153846","0.858253846154","#N/A","#N/A","#N/A","#N/A","#N/A","#N/A","#N/A","#N/A","#N/A","#N/A","#N/A","#N/A","#N/A","#N/A"
"","Residual fuel oil","RFACB","Percent","","","","0.109119230769","0.0769730769231","0.0831923076923","0.0990230769231","0.0965192307692","0.111461538462","0.123173076923","0.185526923077","0.193280769231","0.140861538462","0.144657692308","0.103707692308","0.111138461538","0.0625961538462","0.0818192307692","0.0924","0.119296153846","0.127615384615","0.1008","0.116388461538","0.0994269230769","0.0856153846154","0.118003846154","0.106615384615","0.123253846154","0.125757692308","0.0873923076923","0.131976923077","0.178984615385","0.214603846154","0.209515384615","0.303369230769","0.214361538462","0.237138461538","0.216219230769","0.0567","0.0394961538462","0.0309346153846","0.137953846154","0.179792307692","0.214684615385","0.116065384615","0.0738230769231","0.120588461538","0.0905423076923","0.191826923077","0.360634615385","0.0789923076923","0.0980538461538","0.0868269230769","0.0809307692308","0.0731769230769","0.0710769230769","0.0684923076923","0.0564576923077","0.0654230769231","#N/A","#N/A","#N/A","#N/A","#N/A","#N/A","#N/A","#N/A","#N/A","#N/A","#N/A","#N/A","#N/A","#N/A"
"","Synthetic Natural Gas","NGACB","Percent","","","","0.0","0.0","0.0","0.0","0.0","0.0","0.0","0.0","0.0","0.0","0.0","0.0","0.0","0.0","0.0","0.0","0.0","0.0","0.0","0.0","0.0","0.0","0.0","0.0","0.0","0.0","0.0","0.0","0.0","0.0","0.0","0.0","0.0","0.0","0.0","0.0","0.0","0.0","0.0","0.0","0.0","0.0","0.0","0.000161538461538","0.000161538461538","0.000161538461538","0.000242307692308","0.000161538461538","0.000161538461538","0.000161538461538","0.000161538461538","0.000242307692308","0.000888461538462","8.07692307692e-05","0.000161538461538","0.000161538461538","#N/A","#N/A","#N/A","#N/A","#N/A","#N/A","#N/A","#N/A","#N/A","#N/A","#N/A","#N/A","#N/A","#N/A"
"","Biofuels","","Percent","","","","0.0","0.0","0.0","0.0","0.0","0.0","0.0","0.0","0.0","0.0","0.0","0.0","0.0","0.0","0.0","0.0","0.0","0.0","0.0","0.0","0.0","0.0","0.0","0.0","0.0","0.0","0.0","0.0","0.0","0.0","0.0","0.0","0.0","0.0","0.0","0.0","0.0","0.0","0.0","0.0","0.0","0.0","0.0","0.0","0.0","0.0","0.0","0.0","0.0","0.000594057692308","0.00864004615385","0.00598580769231","0.00793646538462","0.00935380384615","0.0130623521538","0.00969489230769","0.0136726961538","0.00348608076923","0.0","0.0","0.0","0.0","0.0","0.0","0.0","0.0","0.0","0.0","0.0","0.0"
"","Ethanol","EMACB","Percent","","","","0.0","0.0","0.0","0.0","0.0","0.0","0.0","0.0","0.0","0.0","0.0","0.0","0.0","0.0","0.0","0.0","0.0","0.0","0.0","0.0","0.0","0.0","0.0","0.0","0.0","0.0","0.0","0.0","0.0","0.0","0.0","0.0","0.0","0.0","0.0","0.0","0.0","0.0","0.0","0.0","0.0","0.0","0.0","0.0","0.0","0.0","0.0","0.0","0.0","0.0","0.0","0.0","0.0","0.0","0.0","0.0","0.0","0.0","0.0","0.0","0.0","0.0","0.0","0.0","0.0","0.0","0.0","0.0","0.0","0.0"
"","Biodiesel","-","Percent","","","","0.0","0.0","0.0","0.0","0.0","0.0","0.0","0.0","0.0","0.0","0.0","0.0","0.0","0.0","0.0","0.0","0.0","0.0","0.0","0.0","0.0","0.0","0.0","0.0","0.0","0.0","0.0","0.0","0.0","0.0","0.0","0.0","0.0","0.0","0.0","0.0","0.0","0.0","0.0","0.0","0.0","0.0","0.0","0.0","0.0","0.0","0.0","0.0","0.0","0.000594057692308","0.00864004615385","0.00598580769231","0.00793646538462","0.00935380384615","0.0130623521538","0.00969489230769","0.0136726961538","0.00348608076923","0.0","0.0","0.0","0.0","0.0","0.0","0.0","0.0","0.0","0.0","0.0","0.0"
"","All","","Percent","","","","#N/A","#N/A","#N/A","#N/A","#N/A","#N/A","#N/A","#N/A","#N/A","#N/A","#N/A","#N/A","#N/A","#N/A","#N/A","#N/A","#N/A","#N/A","#N/A","#N/A","#N/A","#N/A","#N/A","#N/A","#N/A","#N/A","#N/A","#N/A","#N/A","#N/A","#N/A","#N/A","#N/A","#N/A","#N/A","#N/A","#N/A","#N/A","#N/A","#N/A","#N/A","#N/A","#N/A","#N/A","#N/A","#N/A","#N/A","#N/A","#N/A","#N/A","#N/A","#N/A","#N/A","#N/A","#N/A","#N/A","#N/A","#N/A","#N/A","#N/A","#N/A","#N/A","#N/A","#N/A","#N/A","#N/A","#N/A","#N/A","#N/A","#N/A"