"Metric 10: Percentage attainment of the Renewable Portfolio Standard (RPS)","","","","","","","","","","","","","","","","","","","","","","","","","","","","","","","","","","","","",""
"http://puc.hawaii.gov/reports/puc-annual-reports ","","","","","","Red indicates data not yet found","","","","","","","","","","","","","","","","","","","","","","","","","","","","","","",""
"http://www.eia.gov/electricity/data/state/annual_generation_state.xls","","","","","","Gray Box indicates data not applicable","","","","","","","","","","","","","","","","","","","","","","","","","","","","","","",""
"","","","","","","","","19","20","21","22","23","24","25","26","27","28","29","30","","","","","","","","","","","","","","","","","",""
"","","","Units","Source","Notes","1999","2000","2001","2002","2003","2004","2005","2006","2007","2008","2009","2010","2011","2012","2013","2014","2015","2016","2017","2018","2019","2020","2021","2022","2023","2024","2025","2026","2027","2028","2029","2030"
"TEusy - Total Energy source 's' sold by utilitiy 'u' in year 'y'","","","","","","","","","","","","","","","","","","","","","","","","","","","","","","","","","","","","",""
"HECOTotal Renewable","Total Renewable","HECO","MWh","http://puc.hawaii.gov/reports/Report%20to%20Leg.kks.2008-11-12%20puc.pdf
http://www.heco.com/vcmcontent/StaticFiles/pdf/2006_RPS_Report_to_PUC_Filed_wo_Cover_Ltr.pdf
http://www.heco.com/vcmcontent/StaticFiles/pdf/2007_RPs_Report-to-PUC_draft_080530_FINAL.pdf
http://www.heco.com/vcmcontent/StaticFiles/pdf/HECO_RPS_2008_Status_Report.pdf
www.heco.com/vcmcontent/StaticFiles/pdf/2009_rps.pdf
http://www.heco.com/vcmcontent/StaticFiles/pdf/2010_rps.pdf
 http://www.heco.com/vcmcontent/StaticFiles/pdf/2012-05-04_RPS%20Report_2011.pdf  ","","8998000","7212000","7277000","7390000","7522000","7733000","7721000","7701000","7675000","7555962","7377537","7277229","7242311","6975996","6858536","6781665","6754083","0","0","0","0","0","0","0","0","0","0","0","0","0","0","0"
"HELCOTotal Renewable","Total Renewable","HELCO","MWh","http://puc.hawaii.gov/reports/Report%20to%20Leg.kks.2008-11-12%20puc.pdf
http://www.heco.com/vcmcontent/StaticFiles/pdf/2006_RPS_Report_to_PUC_Filed_wo_Cover_Ltr.pdf
http://www.heco.com/vcmcontent/StaticFiles/pdf/2007_RPs_Report-to-PUC_draft_080530_FINAL.pdf
http://www.heco.com/vcmcontent/StaticFiles/pdf/HECO_RPS_2008_Status_Report.pdf
www.heco.com/vcmcontent/StaticFiles/pdf/2009_rps.pdf
http://www.heco.com/vcmcontent/StaticFiles/pdf/2010_rps.pdf
 http://www.heco.com/vcmcontent/StaticFiles/pdf/2012-05-04_RPS%20Report_2011.pdf  ","","922000","954000","959000","995000","1046000","1083000","1117000","1149000","1163000","1141030","1119881","1109783","1103572","1085171","1076104","1062521","1064785","0","0","0","0","0","0","0","0","0","0","0","0","0","0","0"
"MECOTotal Renewable","Total Renewable","MECO","MWh","http://puc.hawaii.gov/reports/Report%20to%20Leg.kks.2008-11-12%20puc.pdf
http://www.heco.com/vcmcontent/StaticFiles/pdf/2006_RPS_Report_to_PUC_Filed_wo_Cover_Ltr.pdf
http://www.heco.com/vcmcontent/StaticFiles/pdf/2007_RPs_Report-to-PUC_draft_080530_FINAL.pdf
http://www.heco.com/vcmcontent/StaticFiles/pdf/HECO_RPS_2008_Status_Report.pdf
www.heco.com/vcmcontent/StaticFiles/pdf/2009_rps.pdf
http://www.heco.com/vcmcontent/StaticFiles/pdf/2010_rps.pdf
 http://www.heco.com/vcmcontent/StaticFiles/pdf/2012-05-04_RPS%20Report_2011.pdf  ","","1065000","1106000","1134000","1159000","1207000","1247000","1252000","1266000","1280000","1239228","1192243","1191559","1181026","1144832","1134873","1132056","1137630","0","0","0","0","0","0","0","0","0","0","0","0","0","0","0"
"KIUCTotal Renewable","Total Renewable","KIUC","MWh","http://puc.hawaii.gov/reports/Report%20to%20Leg.kks.2008-11-12%20puc.pdf
http://dms.puc.hawaii.gov/dms/OpenDocServlet?RT=&document_id=91+3+ICM4+LSDB15+PC_DocketReport59+26+A1001001A12D04B24000E5143818+A12D04B24000E514381+14+1960","","423389","452699","443798","452631","438768","473608","477255","481461","496718","476948","460513","457274","460971","433159","431478","429924","432078","0","0","0","0","0","0","0","0","0","0","0","0","0","0","0"
"TotalTotal Renewable","Total Renewable","Total","MWh","","","11408389","9724699","9813798","9996631","10213768","10536608","10567255","10597461","10614718","10413168","10150174","10035845","9987880","9639158","9500991","9406166","9388576","0","0","0","0","0","0","0","0","0","0","0","0","0","0","0"
"","","","","","","","","","","","","","","","","","","","","","","","","","","","","","","","","","","","","",""
"REu,s,y Aggregate renewable electricity sold from source s by utility u in year y ","","","","","","","","","","","","","","","","","","","","","","","","","","","","","","","","","","","","",""
"","","HECO","MWh","","","","","","","","","","","","","","","","","","","","","","","","","","","","","","","","","",""
"","","Hydro","","","","0","0","0","0","0","0","0","0","0","0","0","0","0","0","0","0","0","0","0","0","0","0","0","0","0","0","0","0","0","0","0","0"
"","","Geothermal","","","","0","0","0","0","0","0","0","0","0","0","0","0","0","0","0","0","0","0","0","0","0","0","0","0","0","0","0","0","0","0","0","0"
"","","Wind ","","","","0","0","0","0","0","0","0","0","0","0","0","23","64024","75410","121691","183864","216197","0","0","0","0","0","0","0","0","0","0","0","0","0","0","0"
"","","Biomass ","","","","0","0","0","0","0","0","333000","395000","326000","359011","360323","314614","321689","302398","374569","390011","385846","0","0","0","0","0","0","0","0","0","0","0","0","0","0","0"
"","","Solar ","","","","0","0","0","0","0","0","400","500","1700","4003","15668","28597","54391","131786","276241","419020","505162","0","0","0","0","0","0","0","0","0","0","0","0","0","0","0"
"","","Biofuels ","","","","0","0","0","0","0","0","0","0","0","0","3307","1575","44722","21259","28508","36175","52424","0","0","0","0","0","0","0","0","0","0","0","0","0","0","0"
"","","Municipal Waste","","","","","","","","","","","","","","","","","","","","","","","","","","","","","","","","","","",""
"HECORenewable Electricity","Renewable Electricity","Total","","","","327000","325000","303000","327000","368200","369400","333400","395500","327700","363014","379298","344809","484826","530853","801009","1029070","1159629","0","0","0","0","0","0","0","0","0","0","0","0","0","0","0"
"","","HELCO","MWh","","","","","","","","","","","","","","","","","","","","","","","","","","","","","","","","","",""
"","","Hydro","","","","0","0","0","0","0","0","40000","56000","42300","36053","59889","29189","45300","57613","35410","43005","63275","0","0","0","0","0","0","0","0","0","0","0","0","0","0","0"
"","","Geothermal","","","","0","0","0","0","0","0","221000","212000","230000","234334","167591","201587","232906","266234","281417","255027","230495","0","0","0","0","0","0","0","0","0","0","0","0","0","0","0"
"","","Wind ","","","","0","0","0","0","0","0","7000","25000","116400","128306","140687","140956","157329","154688","151552","136096","132293","0","0","0","0","0","0","0","0","0","0","0","0","0","0","0"
"","","Biomass ","","","","0","0","0","0","0","0","0","0","0","0","0","0","0","0","0","0","0","0","0","0","0","0","0","0","0","0","0","0","0","0","0","0"
"","","Solar ","","","","0","0","0","0","0","0","1600","2200","4400","4793","9563","11890","17814","28527","48996","69012","92248","0","0","0","0","0","0","0","0","0","0","0","0","0","0","0"
"","","Biofuels ","","","","0","0","0","0","0","0","0","0","0","0","0","0","0","0","0","0","0","0","0","0","0","0","0","0","0","0","0","0","0","0","0","0"
"","","Municipal Waste","","","","","","","","","","","","","","","","","","","","","","","","","","","","","","","","","","",""
"HELCORenewable Electricity","Renewable Electricity","Total","","","","260000","311000","274000","123000","216400","256500","269600","295200","393100","403486","377730","383622","453349","507062","517375","503140","518311","0","0","0","0","0","0","0","0","0","0","0","0","0","0","0"
"","","MECO","MWh","","","","","","","","","","","","","","","","","","","","","","","","","","","","","","","","","",""
"","","Hydro","","","","0","0","0","0","0","0","75000","79000","69000","5910","10009","6701","6206","7453","4745","8150","9823","0","0","0","0","0","0","0","0","0","0","0","0","0","0","0"
"","","Geothermal","","","","0","0","0","0","0","0","0","0","0","0","0","0","0","0","0","0","0","0","0","0","0","0","0","0","0","0","0","0","0","0","0","0"
"","","Wind ","","","","0","0","0","0","0","0","0","57000","126000","108987","109668","120227","123023","158158","230305","257907","264291","0","0","0","0","0","0","0","0","0","0","0","0","0","0","0"
"","","Biomass ","","","","0","0","0","0","0","0","0","0","0","53587","38432","44238","43577","39392","41122","43153","30870","0","0","0","0","0","0","0","0","0","0","0","0","0","0","0"
"","","Solar ","","","","0","0","0","0","0","0","300","700","1300","1906","6156","9809","14932","31968","52614","71223","96860","0","0","0","0","0","0","0","0","0","0","0","0","0","0","0"
"","","Biofuels ","","","","0","0","0","0","0","0","100","200","1400","1539","1570","1585","14532","1348","1281","918","988","0","0","0","0","0","0","0","0","0","0","0","0","0","0","0"
"","","Municipal Waste","","","","","","","","","","","","","","","","","","","","","","","","","","","","","","","","","","",""
"MECORenewable Electricity","Renewable Electricity","Total","","","","55000","45000","38000","69000","66000","74200","75400","136900","197700","171929","165835","182560","202270","238319","330067","381351","402832","0","0","0","0","0","0","0","0","0","0","0","0","0","0","0"
"","","KIUC","MWh","","","","","","","","","","","","","","","","","","","","","","","","","","","","","","","","","",""
"","","Hydro","","","","0","0","0","0","25490","37491","37491","37119","26462","35608","36930","34205","38917","38912","33351","34291","33636","0","0","0","0","0","0","0","0","0","0","0","0","0","0","0"
"","","Geothermal","","","","0","0","0","0","0","0","0","0","0","0","0","0","0","0","0","0","0","0","0","0","0","0","0","0","0","0","0","0","0","0","0","0"
"","","Wind ","","","","0","0","0","0","0","0","0","0","0","0","0","0","0","0","0","0","0","0","0","0","0","0","0","0","0","0","0","0","0","0","0","0"
"","","Biomass ","","","","0","0","0","0","0","0","0","0","0","0","0","0","0","0","0","0","0","0","0","0","0","0","0","0","0","0","0","0","0","0","0","0"
"","","Solar ","","","","0","0","0","0","66","90","231.879070758","293.202461372","513.58339639","3561.816","5024.264","6221.773","9890.11","15128.765","24267.5282527","33972.9436318","1787","0","0","0","0","0","0","0","0","0","0","0","0","0","0","0"
"","","Biofuels ","","","","'Input RPS'!UNKNOWN1:UNKNOWN138","'Input RPS'!UNKNOWN1:UNKNOWN138","'Input RPS'!UNKNOWN1:UNKNOWN138","'Input RPS'!UNKNOWN1:UNKNOWN138","'Input RPS'!UNKNOWN1:UNKNOWN138","257","409","323","433","'Input RPS'!UNKNOWN1:UNKNOWN138","'Input RPS'!UNKNOWN1:UNKNOWN138","'Input RPS'!UNKNOWN1:UNKNOWN138","'Input RPS'!UNKNOWN1:UNKNOWN138","'Input RPS'!UNKNOWN1:UNKNOWN138","'Input RPS'!UNKNOWN1:UNKNOWN138","'Input RPS'!UNKNOWN1:UNKNOWN138","'Input RPS'!UNKNOWN1:UNKNOWN138","'Input RPS'!UNKNOWN1:UNKNOWN138","'Input RPS'!UNKNOWN1:UNKNOWN138","'Input RPS'!UNKNOWN1:UNKNOWN138","'Input RPS'!UNKNOWN1:UNKNOWN138","'Input RPS'!UNKNOWN1:UNKNOWN138","'Input RPS'!UNKNOWN1:UNKNOWN138","'Input RPS'!UNKNOWN1:UNKNOWN138","'Input RPS'!UNKNOWN1:UNKNOWN138","'Input RPS'!UNKNOWN1:UNKNOWN138","'Input RPS'!UNKNOWN1:UNKNOWN138","'Input RPS'!UNKNOWN1:UNKNOWN138","'Input RPS'!UNKNOWN1:UNKNOWN138","'Input RPS'!UNKNOWN1:UNKNOWN138","'Input RPS'!UNKNOWN1:UNKNOWN138","'Input RPS'!UNKNOWN1:UNKNOWN138"
"","","Municipal Waste","","","","","","","","","","","","","","","","","","","","","","","","","","","","","","","","","","",""
"KIUCRenewable Electricity","Renewable Electricity","Total","","","","0","0","0","0","25556","37838","38131.8790708","37735.2024614","27408.5833964","39169.816","41954.264","40426.773","48828.11","54063.765","70115.5282527","90605.9436318","118014","0","0","0","0","0","0","0","0","0","0","0","0","0","0","0"
"","","All Utilities","MWh","","","","","","","","","","","","","","","","","","","","","","","","","","","","","","","","","",""
"","","Hydro","","","","0","0","0","0","25490","37491","152491","172119","137762","77571","106828","70095","90423","103978","73506","85446","106734","0","0","0","0","0","0","0","0","0","0","0","0","0","0","0"
"","","Geothermal","","","","0","0","0","0","0","0","221000","212000","230000","234334","167591","201587","232906","266234","281417","255027","230495","0","0","0","0","0","0","0","0","0","0","0","0","0","0","0"
"","","Wind ","","","","0","0","0","0","0","0","7000","82000","242400","237293","250355","261206","344376","388256","503548","577867","612781","0","0","0","0","0","0","0","0","0","0","0","0","0","0","0"
"","","Biomass ","","","","0","0","0","0","0","0","333000","395000","326000","412598","398755","358852","365266","341790","415691","433164","416716","0","0","0","0","0","0","0","0","0","0","0","0","0","0","0"
"","","Solar ","","","","0","0","0","0","66","90","2531.87907076","3693.20246137","7913.58339639","14263.816","36411.264","56517.773","97027.11","207409.765","402118.528253","593227.943632","696057","0","0","0","0","0","0","0","0","0","0","0","0","0","0","0"
"","","Biofuels ","","","","0","0","0","0","0","257","509","523","1833","1539","4877","3160","59254","22607","29789","37093","53412","0","0","0","0","0","0","0","0","0","0","0","0","0","0","0"
"","","Municipal Waste","","","","","","","","","","","","","","","","","","","","","","","","","","","","","","","","","","",""
"TotalRenewable Electricity","Renewable Electricity","Total","","","","642000","681000","615000","519000","676156","737938","716531.879071","865335.202461","945908.583396","977598.816","964817.264","951417.773","1189273.11","1330297.765","1718566.52825","2004166.94363","2198786","0","0","0","0","0","0","0","0","0","0","0","0","0","0","0"
"EEPS","","","","","","","","","","","","","","","","","","","","","","","","","","","","","","","","","","","","",""
"","","HECO","MWh","http://puc.hawaii.gov/reports/Report%20to%20Leg.kks.2008-11-12%20puc.pdf
http://www.heco.com/vcmcontent/StaticFiles/pdf/2006_RPS_Report_to_PUC_Filed_wo_Cover_Ltr.pdf
http://www.heco.com/vcmcontent/StaticFiles/pdf/2007_RPs_Report-to-PUC_draft_080530_FINAL.pdf
http://www.heco.com/vcmcontent/StaticFiles/pdf/HECO_RPS_2008_Status_Report.pdf
www.heco.com/vcmcontent/StaticFiles/pdf/2009_rps.pdf
http://www.heco.com/vcmcontent/StaticFiles/pdf/2010_rps.pdf
 http://www.heco.com/vcmcontent/StaticFiles/pdf/2012-05-04_RPS%20Report_2011.pdf  ","","","","","","","","","","","","","","","","","","","","","","","","","","","","","","","","",""
"","","  Displacement Tech: Photovoltaic Systems","","","","0","0","0","0","0","0","0","0","0","0","0","0","0","0","0","0","0","0","0","0","0","0","0","0","0","0","0","0","0","0","0","0"
"","","  Displacement Tech: Solar Water Heating","","","","0","0","0","0","0","0","51000","58000","66000","75988","86967","122801","129314","113541","100997","86719","72441","0","0","0","0","0","0","0","0","0","0","0","0","0","0","0"
"","","  Energy Efficiency Technologies Total","","","","0","0","0","0","0","0","292000","340000","453000","604007","651278","738337","821136","958155","1039167","1117117","1195067","0","0","0","0","0","0","0","0","0","0","0","0","0","0","0"
"","","Total EE","","","","0","0","0","0","0","0","343000","398000","519000","679995","738245","861138","950450","1090167","1162109","1228751","1295393","0","0","0","0","0","0","0","0","0","0","0","0","0","0","0"
"","","HELCO","MWh","http://puc.hawaii.gov/reports/Report%20to%20Leg.kks.2008-11-12%20puc.pdf
http://www.heco.com/vcmcontent/StaticFiles/pdf/2006_RPS_Report_to_PUC_Filed_wo_Cover_Ltr.pdf
http://www.heco.com/vcmcontent/StaticFiles/pdf/2007_RPs_Report-to-PUC_draft_080530_FINAL.pdf
http://www.heco.com/vcmcontent/StaticFiles/pdf/HECO_RPS_2008_Status_Report.pdf
www.heco.com/vcmcontent/StaticFiles/pdf/2009_rps.pdf
http://www.heco.com/vcmcontent/StaticFiles/pdf/2010_rps.pdf
 http://www.heco.com/vcmcontent/StaticFiles/pdf/2012-05-04_RPS%20Report_2011.pdf  ","","0","0","0","0","0","0","0","0","0","0","0","0","0","0","0","0","0","0","0","0","0","0","0","0","0","0","0","0","0","0","0","0"
"","","  Displacement Tech: Photovoltaic Systems","","","","0","0","0","0","0","0","0","0","0","0","0","0","0","0","0","0","0","0","0","0","0","0","0","0","0","0","0","0","0","0","0","0"
"","","  Displacement Tech: Solar Water Heating","","","","0","0","0","0","0","0","10000","11000","13000","13862","14501","19572","20678","17919","16678","15317","13956","0","0","0","0","0","0","0","0","0","0","0","0","0","0","0"
"","","  Energy Efficiency Technologies Total","","","","0","0","0","0","0","0","49000","54000","57000","47051","49760","62359","76622","97765","114116","123070","132024","0","0","0","0","0","0","0","0","0","0","0","0","0","0","0"
"","","Total EE","","","","0","0","0","0","0","0","59000","65000","70000","60913","64261","81931","97300","119618","135422","143468","151514","0","0","0","0","0","0","0","0","0","0","0","0","0","0","0"
"","","MECO","MWh","http://puc.hawaii.gov/reports/Report%20to%20Leg.kks.2008-11-12%20puc.pdf
http://www.heco.com/vcmcontent/StaticFiles/pdf/2006_RPS_Report_to_PUC_Filed_wo_Cover_Ltr.pdf
http://www.heco.com/vcmcontent/StaticFiles/pdf/2007_RPs_Report-to-PUC_draft_080530_FINAL.pdf
http://www.heco.com/vcmcontent/StaticFiles/pdf/HECO_RPS_2008_Status_Report.pdf
www.heco.com/vcmcontent/StaticFiles/pdf/2009_rps.pdf
http://www.heco.com/vcmcontent/StaticFiles/pdf/2010_rps.pdf
 http://www.heco.com/vcmcontent/StaticFiles/pdf/2012-05-04_RPS%20Report_2011.pdf  ","","0","0","0","0","0","0","0","0","0","0","0","0","0","0","0","0","0","0","0","0","0","0","0","0","0","0","0","0","0","0","0","0"
"","","  Displacement Tech: Photovoltaic Systems","","","","0","0","0","0","0","0","0","0","0","0","0","0","0","0","0","0","0","0","0","0","0","0","0","0","0","0","0","0","0","0","0","0"
"","","  Displacement Tech: Solar Water Heating","","","","0","0","0","0","0","0","23000","26000","30000","27429","28492","29683","30181","28341","26774","24216","21658","0","0","0","0","0","0","0","0","0","0","0","0","0","0","0"
"","","  Energy Efficiency Technologies Total","","","","0","0","0","0","0","0","77000","82000","88000","79835","88593","98813","111306","129340","144281","154216","164151","0","0","0","0","0","0","0","0","0","0","0","0","0","0","0"
"","","Total EE","","","","0","0","0","0","0","0","100000","108000","118000","107264","117085","128496","141487","160186","174216","182534","190852","0","0","0","0","0","0","0","0","0","0","0","0","0","0","0"
"","","KIUC","MWh","http://puc.hawaii.gov/reports/Report%20to%20Leg.kks.2008-11-12%20puc.pdf","","0","0","0","0","0","0","0","0","0","0","0","0","0","0","0","0","0","0","0","0","0","0","0","0","0","0","0","0","0","0","0","0"
"","","  Customer Renewable Generation","MWh","","","0","0","0","0","0","0","0","0","0","0","0","0","0","0","0","0","0","0","0","0","0","0","0","0","0","0","0","0","0","0","0","0"
"","","  Solar Water Heating","MWh","","","0","0","0","0","7387","7558","7659","7831","7937","0","0","0","0","0","0","0","0","0","0","0","0","0","0","0","0","0","0","0","0","0","0","0"
"","","  Net Energy Metering","MWh","","","0","0","0","0","0","0","0","0","0","0","0","0","0","0","0","0","0","0","0","0","0","0","0","0","0","0","0","0","0","0","0","0"
"","","  Demand Side Management","MWh","","","0","0","0","0","0","19037","20855","21349","21361","19233","19217","16911","18264","24368","22441","21370","19947","0","0","0","0","0","0","0","0","0","0","0","0","0","0","0"
"","","Total EE","","","","0","0","0","0","7387","26595","28514","29180","29298","19233","19217","16911","18264","24368","22441","21370","19947","0","0","0","0","0","0","0","0","0","0","0","0","0","0","0"
"","","Total","MWh","","","0","0","0","0","7387","26595","530514","600180","736298","867405","938808","1088476","1207501","1394339","1494188","1576123","1657706","0","0","0","0","0","0","0","0","0","0","0","0","0","0","0"
"","","","","","","","","","","","","","","","","","","","","","","","","","","","","","","","","","","","","",""
"RPS Total MWh pre-2015","","","","","","","","","","","","","","","","","","","","","","","","","","","","","","","","","","","","",""
"HECO","","HECO","MWh","","","327000","325000","303000","327000","368200","369400","676400","793500","846700","1043009","1117543","1205947","1435276","1621020","1963118","2257821","2455022","0","0","0","0","0","0","0","0","0","0","0","0","0","0","0"
"HELCO","","HELCO","MWh","","","260000","311000","274000","123000","216400","256500","328600","360200","463100","464399","441991","465553","550649","626680","652797","646608","669825","0","0","0","0","0","0","0","0","0","0","0","0","0","0","0"
"MECO","","MECO","MWh","","","55000","45000","38000","69000","66000","74200","175400","244900","315700","279193","282920","311056","343757","398505","504283","563885","593684","0","0","0","0","0","0","0","0","0","0","0","0","0","0","0"
"","All HECO Companies","","MWh","","","642000","681000","615000","519000","650600","700100","1180400","1398600","1625500","1786601","1842454","1982556","2329682","2646205","3120198","3468314","3718531","0","0","0","0","0","0","0","0","0","0","0","0","0","0","0"
"KIUC","","KIUC","MWh","","","0","0","0","0","32943","64433","66645.8790708","66915.2024614","56706.5833964","58402.816","61171.264","57337.773","67092.11","78431.765","92556.5282527","111975.943632","137961","0","0","0","0","0","0","0","0","0","0","0","0","0","0","0"
"","All Utiltiies","","","","","642000","681000","615000","519000","683543","764533","1247045.87907","1465515.20246","1682206.5834","1845003.816","1903625.264","2039893.773","2396774.11","2724636.765","3212754.52825","3580289.94363","3856492","0","0","0","0","0","0","0","0","0","0","0","0","0","0","0"
"RPS Total MWh post-2015","","","","","","","","","","","","","","","","","","","","","","","","","","","","","","","","","","","","",""
"HECO","","HECO","MWh","","","327000","325000","303000","327000","368200","369400","333400","395500","327700","363014","379298","344809","484826","530853","801009","1029070","1159629","0","0","0","0","0","0","0","0","0","0","0","0","0","0","0"
"HELCO","","HELCO","MWh","","","260000","311000","274000","123000","216400","256500","269600","295200","393100","403486","377730","383622","453349","507062","517375","503140","518311","0","0","0","0","0","0","0","0","0","0","0","0","0","0","0"
"MECO","","MECO","MWh","","","55000","45000","38000","69000","66000","74200","75400","136900","197700","171929","165835","182560","202270","238319","330067","381351","402832","0","0","0","0","0","0","0","0","0","0","0","0","0","0","0"
"","All HECO Companies","","MWh","","","642000","681000","615000","519000","650600","700100","678400","827600","918500","938429","922863","910991","1140445","1276234","1648451","1913561","2080772","0","0","0","0","0","0","0","0","0","0","0","0","0","0","0"
"KIUC","","KIUC","MWh","","","0","0","0","0","25556","37838","38131.8790708","37735.2024614","27408.5833964","39169.816","41954.264","40426.773","48828.11","54063.765","70115.5282527","90605.9436318","118014","0","0","0","0","0","0","0","0","0","0","0","0","0","0","0"
"","All Utiltiies","","","","","642000","681000","615000","519000","676156","737938","716531.879071","865335.202461","945908.583396","977598.816","964817.264","951417.773","1189273.11","1330297.765","1718566.52825","2004166.94363","2198786","0","0","0","0","0","0","0","0","0","0","0","0","0","0","0"
"RPSA (u,y): Annual percentage renewable electricity generated of total electricity sold from source s by utility u","","","","","","","","","","","","","","","","","","","","","","","","","","","","","","","","","","","","",""
"HECO","","HECO","percentage","","","0.036341409202","0.0450637825846","0.0416380376529","0.044248985115","0.0489497474076","0.0477693004009","0.043180935112","0.0513569666277","0.0426970684039","0.0480433861367","0.0514125513705","0.0473819086908","0.0669435488203","0.076097090652","0.116790084648","0.151742971674","0.171693033681","#DIV/0!","#DIV/0!","#DIV/0!","#DIV/0!","#DIV/0!","#DIV/0!","#DIV/0!","#DIV/0!","#DIV/0!","#DIV/0!","#DIV/0!","#DIV/0!","#DIV/0!","#DIV/0!","#DIV/0!"
"HELCO","","HELCO","percentage","","","0.281995661605","0.325995807128","0.285714285714","0.123618090452","0.206883365201","0.236842105263","0.241360787825","0.256919060052","0.338005159071","0.353615592929","0.33729476614","0.345672982916","0.410801470135","0.467264606223","0.480785314431","0.473534170148","0.48677526449","#DIV/0!","#DIV/0!","#DIV/0!","#DIV/0!","#DIV/0!","#DIV/0!","#DIV/0!","#DIV/0!","#DIV/0!","#DIV/0!","#DIV/0!","#DIV/0!","#DIV/0!","#DIV/0!","#DIV/0!"
"MECO","","MECO","percentage","","","0.0516431924883","0.0406871609403","0.0335097001764","0.0595340811044","0.0546810273405","0.0595028067362","0.0602236421725","0.108135860979","0.154453125","0.138738795444","0.139094966378","0.153211045362","0.171266339606","0.208169408263","0.290840472899","0.336865844093","0.354097553686","#DIV/0!","#DIV/0!","#DIV/0!","#DIV/0!","#DIV/0!","#DIV/0!","#DIV/0!","#DIV/0!","#DIV/0!","#DIV/0!","#DIV/0!","#DIV/0!","#DIV/0!","#DIV/0!","#DIV/0!"
"","All HECO Companies","","MWh","","","0.0584433318161","0.0734469370147","0.0656350053362","0.0543797150042","0.066557544757","0.0695716983007","0.0672348860258","0.0818109924871","0.0907788100415","0.0944452719445","0.0952420316872","0.0951071929205","0.119707766706","0.138630690705","0.181757388737","0.213180638401","0.232319819644","#DIV/0!","#DIV/0!","#DIV/0!","#DIV/0!","#DIV/0!","#DIV/0!","#DIV/0!","#DIV/0!","#DIV/0!","#DIV/0!","#DIV/0!","#DIV/0!","#DIV/0!","#DIV/0!","#DIV/0!"
"KIUC","","KIUC","percentage","","","0.0","0.0","0.0","0.0","0.0582449039128","0.0798930761305","0.0798983333244","0.0783764468179","0.055179364139","0.0821259676107","0.0911033217303","0.088408203834","0.105924472472","0.124812747744","0.162500818704","0.210748745434","0.273131240193","#DIV/0!","#DIV/0!","#DIV/0!","#DIV/0!","#DIV/0!","#DIV/0!","#DIV/0!","#DIV/0!","#DIV/0!","#DIV/0!","#DIV/0!","#DIV/0!","#DIV/0!","#DIV/0!","#DIV/0!"
"","","","","","","","","","","","","","","","","","","0.11907162581","0.138009747843","0.180882870877","0.213069484807","0.234198029605","","","","","","","","","","","","","","",""
"RE2030 (u,y): Pre 2015 Renewable Energy generated as Percent of 2030 BAU Sales Projections","","","","","","","","","","","","","","","","","","","","","","","","","","","","","","","","","","","","",""
"HECO","","HECO","percentage","","","0.0228139534884","0.0226744186047","0.0211395348837","0.0228139534884","0.025688372093","0.0257720930233","0.0471906976744","0.0553604651163","0.0590720930233","0.0727680697674","0.0779681162791","0.0841358372093","0.100135534884","0.113094418605","0.13696172093","0.157522395349","0.171280604651","0.0","0.0","0.0","0.0","0.0","0.0","0.0","0.0","0.0","0.0","0.0","0.0","0.0","0.0","0.0"
"HELCO","","HELCO","percentage","","","0.0181395348837","0.0216976744186","0.0191162790698","0.00858139534884","0.0150976744186","0.0178953488372","0.0229255813953","0.0251302325581","0.0323093023256","0.0323999302326","0.0308365813953","0.0324804418605","0.038417372093","0.0437218604651","0.0455439767442","0.0451121860465","0.0467319767442","0.0","0.0","0.0","0.0","0.0","0.0","0.0","0.0","0.0","0.0","0.0","0.0","0.0","0.0","0.0"
"MECO","","MECO","percentage","","","0.00383720930233","0.00313953488372","0.0026511627907","0.00481395348837","0.00460465116279","0.00517674418605","0.0122372093023","0.0170860465116","0.0220255813953","0.0194785813953","0.0197386046512","0.0217015813953","0.0239830465116","0.0278026744186","0.0351825348837","0.0393408139535","0.0414198139535","0.0","0.0","0.0","0.0","0.0","0.0","0.0","0.0","0.0","0.0","0.0","0.0","0.0","0.0","0.0"
"","All HECO Companies","","MWh","","","0.0447906976744","0.047511627907","0.0429069767442","0.0362093023256","0.0453906976744","0.0488441860465","0.0823534883721","0.097576744186","0.113406976744","0.124646581395","0.128543302326","0.138317860465","0.162535953488","0.184618953488","0.217688232558","0.241975395349","0.259432395349","0.0","0.0","0.0","0.0","0.0","0.0","0.0","0.0","0.0","0.0","0.0","0.0","0.0","0.0","0.0"
"KIUC","","KIUC","percentage","","","0.0","0.0","0.0","0.0","0.00229834883721","0.0044953255814","0.00464971249331","0.00466850249731","0.00395627326021","0.00407461506977","0.00426776260465","0.00400030974419","0.00468084488372","0.00547198360465","0.00645743220368","0.0078122751371","0.00962518604651","0.0","0.0","0.0","0.0","0.0","0.0","0.0","0.0","0.0","0.0","0.0","0.0","0.0","0.0","0.0"
"","","","percentage","","","0.0447906976744","0.047511627907","0.0429069767442","0.0362093023256","0.0476890465116","0.0533395116279","0.0870032008654","0.102245246683","0.117363250004","0.128721196465","0.13281106493","0.142318170209","0.167216798372","0.190090937093","0.224145664762","0.249787670486","0.269057581395","0.0","0.0","0.0","0.0","0.0","0.0","0.0","0.0","0.0","0.0","0.0","0.0","0.0","0.0","0.0"
"RE2030 (u,y): Post 2015 Renewable Energy generated as Percent of 2030 BAU Sales Projections","","","","","","","","","","","","","","","","","","","","","","","","","","","","","","","","","","","","",""
"HECO","","HECO","percentage","","","0.0228139534884","0.0226744186047","0.0211395348837","0.0228139534884","0.025688372093","0.0257720930233","0.0232604651163","0.0275930232558","0.0228627906977","0.0253265581395","0.0264626511628","0.0240564418605","0.0338250697674","0.037036255814","0.0558843488372","0.0717955813953","0.0809043488372","0.0","0.0","0.0","0.0","0.0","0.0","0.0","0.0","0.0","0.0","0.0","0.0","0.0","0.0","0.0"
"HELCO","","HELCO","percentage","","","0.0181395348837","0.0216976744186","0.0191162790698","0.00858139534884","0.0150976744186","0.0178953488372","0.0188093023256","0.0205953488372","0.0274255813953","0.0281501860465","0.026353255814","0.0267643255814","0.031629","0.0353764186047","0.0360959302326","0.0351027906977","0.0361612325581","0.0","0.0","0.0","0.0","0.0","0.0","0.0","0.0","0.0","0.0","0.0","0.0","0.0","0.0","0.0"
"MECO","","MECO","percentage","","","0.00383720930233","0.00313953488372","0.0026511627907","0.00481395348837","0.00460465116279","0.00517674418605","0.00526046511628","0.0095511627907","0.0137930232558","0.0119950465116","0.0115698837209","0.012736744186","0.0141118604651","0.0166269069767","0.0230279302326","0.0266058837209","0.0281045581395","0.0","0.0","0.0","0.0","0.0","0.0","0.0","0.0","0.0","0.0","0.0","0.0","0.0","0.0","0.0"
"","All HECO Companies","","MWh","","","0.0447906976744","0.047511627907","0.0429069767442","0.0362093023256","0.0453906976744","0.0488441860465","0.0473302325581","0.0577395348837","0.0640813953488","0.0654717906977","0.0643857906977","0.0635575116279","0.0795659302326","0.0890395813953","0.115008209302","0.133504255814","0.145170139535","0.0","0.0","0.0","0.0","0.0","0.0","0.0","0.0","0.0","0.0","0.0","0.0","0.0","0.0","0.0"
"KIUC","","KIUC","percentage","","","0.0","0.0","0.0","0.0","0.00178297674419","0.00263986046512","0.0026603636561","0.00263268854382","0.00191222674859","0.00273277786047","0.00292704167442","0.00282047253488","0.00340661232558","0.0037718905814","0.00489178104089","0.00632134490454","0.00823353488372","0.0","0.0","0.0","0.0","0.0","0.0","0.0","0.0","0.0","0.0","0.0","0.0","0.0","0.0","0.0"
"","","Total","percentage","","","0.0447906976744","0.047511627907","0.0429069767442","0.0362093023256","0.0471736744186","0.0514840465116","0.0499905962142","0.0603722234275","0.0659936220974","0.0682045685581","0.0673128323721","0.0663779841628","0.0829725425581","0.0928114719767","0.119899990343","0.139825600718","0.153403674419","0.0","0.0","0.0","0.0","0.0","0.0","0.0","0.0","0.0","0.0","0.0","0.0","0.0","0.0","0.0"
"REGoal (u,y): 40% Savings of total energy sales","","","","","","","","","","","","","","","","","","","","","","","","","","","","","","","","","","","","",""
"HECO","","HECO","MWh","","","3599200.0","2884800.0","2910800.0","2956000.0","3008800.0","3093200.0","3088400.0","3080400.0","3070000.0","3022384.8","2951014.8","2910891.6","2896924.4","2790398.4","2743414.4","2712666.0","2701633.2","0.0","0.0","0.0","0.0","0.0","0.0","0.0","0.0","0.0","0.0","0.0","0.0","0.0","0.0","0.0"
"HELCO","","HELCO","MWh","","","368800.0","381600.0","383600.0","398000.0","418400.0","433200.0","446800.0","459600.0","465200.0","456412.0","447952.4","443913.2","441428.8","434068.4","430441.6","425008.4","425914.0","0.0","0.0","0.0","0.0","0.0","0.0","0.0","0.0","0.0","0.0","0.0","0.0","0.0","0.0","0.0"
"MECO","","MECO","MWh","","","426000.0","442400.0","453600.0","463600.0","482800.0","498800.0","500800.0","506400.0","512000.0","495691.2","476897.2","476623.6","472410.4","457932.8","453949.2","452822.4","455052.0","0.0","0.0","0.0","0.0","0.0","0.0","0.0","0.0","0.0","0.0","0.0","0.0","0.0","0.0","0.0"
"","All HECO Companies","","MWh","","","4394000.0","3708800.0","3748000.0","3817600.0","3910000.0","4025200.0","4036000.0","4046400.0","4047200.0","3974488.0","3875864.4","3831428.4","3810763.6","3682399.6","3627805.2","3590496.8","3582599.2","0.0","0.0","0.0","0.0","0.0","0.0","0.0","0.0","0.0","0.0","0.0","0.0","0.0","0.0","0.0"
"KIUC","","KIUC","MWh","","","169355.6","181079.6","177519.2","181052.4","175507.2","189443.2","190902.0","192584.4","198687.2","190779.2","184205.2","182909.6","184388.4","173263.6","172591.2","171969.6","172831.2","0.0","0.0","0.0","0.0","0.0","0.0","0.0","0.0","0.0","0.0","0.0","0.0","0.0","0.0","0.0"
"","","Total","MWh","","","4563355.6","3889879.6","3925519.2","3998652.4","4085507.2","4214643.2","4226902.0","4238984.4","4245887.2","4165267.2","4060069.6","4014338.0","3995152.0","3855663.2","3800396.4","3762466.4","3755430.4","0.0","0.0","0.0","0.0","0.0","0.0","0.0","0.0","0.0","0.0","0.0","0.0","0.0","0.0","0.0"
"REPTC (u,y): Pre 2015 Percent to Completion of Goal","","","","","","","","","","","","","","","","","","","","","","","","","","","","","","","","","","","","",""
"HECO","","HECO","MWh","","","0.0908535230051","0.112659456461","0.104095094132","0.110622462788","0.122374368519","0.119423251002","0.219013081207","0.25759641605","0.275798045603","0.345094707994","0.378697863528","0.414287842254","0.495448207071","0.580927798697","0.715574723235","0.832325468746","0.908717734147","#DIV/0!","#DIV/0!","#DIV/0!","#DIV/0!","#DIV/0!","#DIV/0!","#DIV/0!","#DIV/0!","#DIV/0!","#DIV/0!","#DIV/0!","#DIV/0!","#DIV/0!","#DIV/0!","#DIV/0!"
"HELCO","","HELCO","MWh","","","0.704989154013","0.81498951782","0.714285714286","0.309045226131","0.517208413002","0.592105263158","0.73545210385","0.783724978242","0.995485812554","1.01749953989","0.986691889585","1.04874781827","1.24742427318","1.44373559559","1.51657507081","1.5214005182","1.57267664364","#DIV/0!","#DIV/0!","#DIV/0!","#DIV/0!","#DIV/0!","#DIV/0!","#DIV/0!","#DIV/0!","#DIV/0!","#DIV/0!","#DIV/0!","#DIV/0!","#DIV/0!","#DIV/0!","#DIV/0!"
"MECO","","MECO","MWh","","","0.129107981221","0.101717902351","0.0837742504409","0.148835202761","0.136702568351","0.14875701684","0.350239616613","0.483609794629","0.6166015625","0.563239775086","0.593251543519","0.652623999315","0.727666029368","0.870225937081","1.1108798077","1.24526746027","1.30465089704","#DIV/0!","#DIV/0!","#DIV/0!","#DIV/0!","#DIV/0!","#DIV/0!","#DIV/0!","#DIV/0!","#DIV/0!","#DIV/0!","#DIV/0!","#DIV/0!","#DIV/0!","#DIV/0!","#DIV/0!"
"","All HECO Companies","","MWh","","","0.14610832954","0.183617342537","0.16408751334","0.13594928751","0.166393861893","0.173929245752","0.292467789891","0.345640569395","0.401635698755","0.449517271155","0.475365959655","0.517445660736","0.611342566618","0.718608865806","0.860078705439","0.965970503023","1.03794222921","#DIV/0!","#DIV/0!","#DIV/0!","#DIV/0!","#DIV/0!","#DIV/0!","#DIV/0!","#DIV/0!","#DIV/0!","#DIV/0!","#DIV/0!","#DIV/0!","#DIV/0!","#DIV/0!","#DIV/0!"
"KIUC","","KIUC","MWh","","","0.0","0.0","0.0","0.0","0.187701701127","0.340117776727","0.349110428758","0.347459100848","0.285406324093","0.306127795902","0.332082177919","0.313476017661","0.363862965349","0.45267306578","0.536276057254","0.65113801295","0.798241289767","#DIV/0!","#DIV/0!","#DIV/0!","#DIV/0!","#DIV/0!","#DIV/0!","#DIV/0!","#DIV/0!","#DIV/0!","#DIV/0!","#DIV/0!","#DIV/0!","#DIV/0!","#DIV/0!","#DIV/0!"
"","","Total","MWh","","","0.140685946105","0.175069685961","0.156667174115","0.129793727507","0.167309214386","0.181399222596","0.295025973886","0.345723188427","0.396196720298","0.442949690238","0.468865180045","0.508151972505","0.599920631305","0.706658394073","0.845373532154","0.951580575878","1.02691079031","#DIV/0!","#DIV/0!","#DIV/0!","#DIV/0!","#DIV/0!","#DIV/0!","#DIV/0!","#DIV/0!","#DIV/0!","#DIV/0!","#DIV/0!","#DIV/0!","#DIV/0!","#DIV/0!","#DIV/0!"
"REPTC (u,y): Pre 2015 Percent to Completion of Goal","","","","","","","","","","","","","","","","","","","","","","","","","","","","","","","","","","","","",""
"HECO","","HECO","MWh","","","0.0908535230051","0.112659456461","0.104095094132","0.110622462788","0.122374368519","0.119423251002","0.10795233778","0.128392416569","0.10674267101","0.120108465342","0.128531378426","0.118454771727","0.167358872051","0.19024272663","0.29197521162","0.379357429186","0.429232584201","#DIV/0!","#DIV/0!","#DIV/0!","#DIV/0!","#DIV/0!","#DIV/0!","#DIV/0!","#DIV/0!","#DIV/0!","#DIV/0!","#DIV/0!","#DIV/0!","#DIV/0!","#DIV/0!","#DIV/0!"
"HELCO","","HELCO","MWh","","","0.704989154013","0.81498951782","0.714285714286","0.309045226131","0.517208413002","0.592105263158","0.603401969561","0.642297650131","0.845012897678","0.884038982323","0.843236915351","0.864182457291","1.02700367534","1.16816151556","1.20196328608","1.18383542537","1.21693816123","#DIV/0!","#DIV/0!","#DIV/0!","#DIV/0!","#DIV/0!","#DIV/0!","#DIV/0!","#DIV/0!","#DIV/0!","#DIV/0!","#DIV/0!","#DIV/0!","#DIV/0!","#DIV/0!","#DIV/0!"
"MECO","","MECO","MWh","","","0.129107981221","0.101717902351","0.0837742504409","0.148835202761","0.136702568351","0.14875701684","0.150559105431","0.270339652449","0.3861328125","0.346846988609","0.347737415946","0.383027613404","0.428165849016","0.520423520656","0.727101182247","0.842164610231","0.885243884215","#DIV/0!","#DIV/0!","#DIV/0!","#DIV/0!","#DIV/0!","#DIV/0!","#DIV/0!","#DIV/0!","#DIV/0!","#DIV/0!","#DIV/0!","#DIV/0!","#DIV/0!","#DIV/0!","#DIV/0!"
"","All HECO Companies","","MWh","","","0.14610832954","0.183617342537","0.16408751334","0.13594928751","0.166393861893","0.173929245752","0.168087215064","0.204527481218","0.226947025104","0.236113179861","0.238105079218","0.237767982301","0.299269416765","0.346576726763","0.454393471844","0.532951596002","0.580799549109","#DIV/0!","#DIV/0!","#DIV/0!","#DIV/0!","#DIV/0!","#DIV/0!","#DIV/0!","#DIV/0!","#DIV/0!","#DIV/0!","#DIV/0!","#DIV/0!","#DIV/0!","#DIV/0!","#DIV/0!"
"KIUC","","KIUC","MWh","","","0.0","0.0","0.0","0.0","0.145612259782","0.199732690326","0.199745833311","0.195941117045","0.137948410347","0.205314919027","0.227758304326","0.221020509585","0.264811181181","0.31203186936","0.40625204676","0.526871863584","0.682828100482","#DIV/0!","#DIV/0!","#DIV/0!","#DIV/0!","#DIV/0!","#DIV/0!","#DIV/0!","#DIV/0!","#DIV/0!","#DIV/0!","#DIV/0!","#DIV/0!","#DIV/0!","#DIV/0!","#DIV/0!"
"","","Total","MWh","","","0.140685946105","0.175069685961","0.156667174115","0.129793727507","0.165501115749","0.175089079901","0.169517031403","0.204137387828","0.222782315884","0.234702545853","0.237635646443","0.237004899189","0.297679064526","0.345024369608","0.452207177191","0.532673712018","0.585495074013","#DIV/0!","#DIV/0!","#DIV/0!","#DIV/0!","#DIV/0!","#DIV/0!","#DIV/0!","#DIV/0!","#DIV/0!","#DIV/0!","#DIV/0!","#DIV/0!","#DIV/0!","#DIV/0!","#DIV/0!"
"TEy - Total Energy sold in year 'y'","","","","","","","","","","","","","","","","","","","","","","","","","","","","","","","","","","","","",""
"All Utilities","","","","","","","","","","","","","","","","","","","","","","","","","","","","","","","","","","","","",""
"TotalTotal","Total","","MWh","","","11408389","9724699","9813798","9996631","10213768","10536608","10567255","10597461","10614718","10413168","10150174","10035845","9987880","9639158","9500991","9406166","9388576","0","0","0","0","0","0","0","0","0","0","0","0","0","0","0"
"","Total Conventional","","MWh","","","10766389","9043699","9198798","9477631","9537612","9798670","9850723.12093","9732125.79754","9668809.4166","9435569.184","9185356.736","9084427.227","8798606.89","8308860.235","7782424.47175","7401999.05637","7189790","0","0","0","0","0","0","0","0","0","0","0","0","0","0","0"
"","","","","","","","","","","","","","","","","","","","","","","","","","","","","","","","","","","","","",""
"RPSAy Annual percentage renewable electricity sold of total electricity sold in year y","","","","","","","","","","","","","","","","","","","","","","","","","","","","","","","","","","","","",""
"All Utilities","","","","","","","","","","","","","","","","","","","","","","","","","","","","","","","","","","","","",""
"","With Displacement","includes both EEPS & RPS","","","","0.056274378442","0.0700278743846","0.0626668696462","0.0519174910027","0.0669236857544","0.0725596890384","0.118010389554","0.138289275371","0.158478688119","0.177179876095","0.187546072018","0.203260789002","0.239968252522","0.282663357629","0.338149412862","0.380632230351","0.410764316122","#DIV/0!","#DIV/0!","#DIV/0!","#DIV/0!","#DIV/0!","#DIV/0!","#DIV/0!","#DIV/0!","#DIV/0!","#DIV/0!","#DIV/0!","#DIV/0!","#DIV/0!","#DIV/0!","#DIV/0!"
"","Without Displacement","only includes RPS","","","","0.056274378442","0.0700278743846","0.0626668696462","0.0519174910027","0.0662004462995","0.0700356319605","0.0678068125611","0.0816549551314","0.0891129263534","0.0938810183414","0.0950542585772","0.0948019596755","0.11907162581","0.138009747843","0.180882870877","0.213069484807","0.234198029605","#DIV/0!","#DIV/0!","#DIV/0!","#DIV/0!","#DIV/0!","#DIV/0!","#DIV/0!","#DIV/0!","#DIV/0!","#DIV/0!","#DIV/0!","#DIV/0!","#DIV/0!","#DIV/0!","#DIV/0!"