"Metric 6: Green Job Creation in Private Sector","","","1998-03-31 00:00:00","1998-06-30 00:00:00","1998-09-30 00:00:00","1998-12-31 00:00:00","1999-03-31 00:00:00","1999-06-30 00:00:00","1999-09-30 00:00:00","1999-12-31 00:00:00","2000-03-31 00:00:00","2000-06-30 00:00:00","2000-09-30 00:00:00","2000-12-31 00:00:00","2001-03-31 00:00:00","2001-06-30 00:00:00","2001-09-30 00:00:00","2001-12-31 00:00:00","2002-03-31 00:00:00","2002-06-30 00:00:00","2002-09-30 00:00:00","2002-12-31 00:00:00","2003-03-31 00:00:00","2003-06-30 00:00:00","2003-09-30 00:00:00","2003-12-31 00:00:00","2004-03-31 00:00:00","2004-06-30 00:00:00","2004-09-30 00:00:00","2004-12-31 00:00:00","2005-03-31 00:00:00","2005-06-30 00:00:00","2005-09-30 00:00:00","2005-12-31 00:00:00","2006-03-31 00:00:00","2006-06-30 00:00:00","2006-09-30 00:00:00","2006-12-31 00:00:00","2007-03-31 00:00:00","2007-06-30 00:00:00","2007-09-30 00:00:00","2007-12-31 00:00:00","2008-03-31 00:00:00","2008-06-30 00:00:00","2008-09-30 00:00:00","2008-12-31 00:00:00","2009-03-31 00:00:00","2009-06-30 00:00:00","2009-09-30 00:00:00","2009-12-31 00:00:00","2010-03-31 00:00:00","2010-06-30 00:00:00","2010-09-30 00:00:00","2010-12-31 00:00:00","2011-03-31 00:00:00","2011-06-30 00:00:00","2011-09-30 00:00:00","2011-12-31 00:00:00","2012-03-31 00:00:00","2012-06-30 00:00:00","2012-09-30 00:00:00","2012-12-31 00:00:00","2013-03-31 00:00:00","2013-06-30 00:00:00","2013-09-30 00:00:00","2013-12-31 00:00:00","2014-03-31 00:00:00","2014-06-30 00:00:00","2014-09-30 00:00:00","2014-12-31 00:00:00","2015-03-31 00:00:00","2015-06-30 00:00:00","2015-09-30 00:00:00","2015-12-31 00:00:00","2016-03-31 00:00:00","2016-06-30 00:00:00","2016-09-30 00:00:00","2016-12-31 00:00:00","2017-03-31 00:00:00","2017-06-30 00:00:00","2017-09-30 00:00:00","2017-12-31 00:00:00","2018-03-31 00:00:00","2018-06-30 00:00:00","2018-09-30 00:00:00","2018-12-31 00:00:00","2019-03-31 00:00:00","2019-06-30 00:00:00","2019-09-30 00:00:00","2019-12-31 00:00:00","2020-03-31 00:00:00","2020-06-30 00:00:00","2020-09-30 00:00:00","2020-12-31 00:00:00","2021-03-31 00:00:00","2021-06-30 00:00:00","2021-09-30 00:00:00","2021-12-31 00:00:00","2022-03-31 00:00:00","2022-06-30 00:00:00","2022-09-30 00:00:00","2022-12-31 00:00:00","2023-03-31 00:00:00","2023-06-30 00:00:00","2023-09-30 00:00:00","2023-12-31 00:00:00","2024-03-31 00:00:00","2024-06-30 00:00:00","2024-09-30 00:00:00","2024-12-31 00:00:00","2025-03-31 00:00:00","2025-06-30 00:00:00","2025-09-30 00:00:00","2025-12-31 00:00:00","2026-03-31 00:00:00","2026-06-30 00:00:00","2026-09-30 00:00:00","2026-12-31 00:00:00","2027-03-31 00:00:00","2027-06-30 00:00:00","2027-09-30 00:00:00","2027-12-31 00:00:00","2028-03-31 00:00:00","2028-06-30 00:00:00","2028-09-30 00:00:00","2028-12-31 00:00:00","2029-03-31 00:00:00","2029-06-30 00:00:00","2029-09-30 00:00:00","2029-12-31 00:00:00","2030-03-31 00:00:00","2030-06-30 00:00:00","2030-09-30 00:00:00","2030-12-31 00:00:00"
"","","","1.0","2.0","3.0","4.0","1.0","2.0","3.0","4.0","1.0","2.0","3.0","4.0","1.0","2.0","3.0","4.0","1.0","2.0","3.0","4.0","1.0","2.0","3.0","4.0","1.0","2.0","3.0","4.0","1.0","2.0","3.0","4.0","1.0","2.0","3.0","4.0","1.0","2.0","3.0","4.0","1.0","2.0","3.0","4.0","1.0","2.0","3.0","4.0","1.0","2.0","3.0","4.0","1.0","2.0","3.0","4.0","1.0","2.0","3.0","4.0","1.0","2.0","3.0","4.0","1.0","2.0","3.0","4.0","1.0","2.0","3.0","4.0","1.0","2.0","3.0","4.0","1.0","2.0","3.0","4.0","1.0","2.0","3.0","4.0","1.0","2.0","3.0","4.0","1.0","2.0","3.0","4.0","1.0","2.0","3.0","4.0","1.0","2.0","3.0","4.0","1.0","2.0","3.0","4.0","1.0","2.0","3.0","4.0","1.0","2.0","3.0","4.0","1.0","2.0","3.0","4.0","1.0","2.0","3.0","4.0","1.0","2.0","3.0","4.0","1.0","2.0","3.0","4.0","1.0","2.0","3.0","4.0"
"","","","1998Q1","1998Q2","1998Q3","1998Q4","1999Q1","1999Q2","1999Q3","1999Q4","2000Q1","2000Q2","2000Q3","2000Q4","2001Q1","2001Q2","2001Q3","2001Q4","2002Q1","2002Q2","2002Q3","2002Q4","2003Q1","2003Q2","2003Q3","2003Q4","2004Q1","2004Q2","2004Q3","2004Q4","2005Q1","2005Q2","2005Q3","2005Q4","2006Q1","2006Q2","2006Q3","2006Q4","2007Q1","2007Q2","2007Q3","2007Q4","2008Q1","2008Q2","2008Q3","2008Q4","2009Q1","2009Q2","2009Q3","2009Q4","2010Q1","2010Q2","2010Q3","2010Q4","2011Q1","2011Q2","2011Q3","2011Q4","2012Q1","2012Q2","2012Q3","2012Q4","2013Q1","2013Q2","2013Q3","2013Q4","2014Q1","2014Q2","2014Q3","2014Q4","2015Q1","2015Q2","2015Q3","2015Q4","2016Q1","2016Q2","2016Q3","2016Q4","2017Q1","2017Q2","2017Q3","2017Q4","2018Q1","2018Q2","2018Q3","2018Q4","2019Q1","2019Q2","2019Q3","2019Q4","2020Q1","2020Q2","2020Q3","2020Q4","2021Q1","2021Q2","2021Q3","2021Q4","2022Q1","2022Q2","2022Q3","2022Q4","2023Q1","2023Q2","2023Q3","2023Q4","2024Q1","2024Q2","2024Q3","2024Q4","2025Q1","2025Q2","2025Q3","2025Q4","2026Q1","2026Q2","2026Q3","2026Q4","2027Q1","2027Q2","2027Q3","2027Q4","2028Q1","2028Q2","2028Q3","2028Q4","2029Q1","2029Q2","2029Q3","2029Q4","2030Q1","2030Q2","2030Q3","2030Q4"
"","","Source:","http://hawaii.gov/labor/wdc/pdf/Green%20Report_FINAL_Low%20Res.pdf","http://hawaii.gov/labor/wdc/pdf/Green%20Report_FINAL_Low%20Res.pdf","http://hawaii.gov/labor/wdc/pdf/Green%20Report_FINAL_Low%20Res.pdf","http://hawaii.gov/labor/wdc/pdf/Green%20Report_FINAL_Low%20Res.pdf","http://hawaii.gov/labor/wdc/pdf/Green%20Report_FINAL_Low%20Res.pdf","http://hawaii.gov/labor/wdc/pdf/Green%20Report_FINAL_Low%20Res.pdf","http://hawaii.gov/labor/wdc/pdf/Green%20Report_FINAL_Low%20Res.pdf","http://hawaii.gov/labor/wdc/pdf/Green%20Report_FINAL_Low%20Res.pdf","http://hawaii.gov/labor/wdc/pdf/Green%20Report_FINAL_Low%20Res.pdf","http://hawaii.gov/labor/wdc/pdf/Green%20Report_FINAL_Low%20Res.pdf","http://hawaii.gov/labor/wdc/pdf/Green%20Report_FINAL_Low%20Res.pdf","http://hawaii.gov/labor/wdc/pdf/Green%20Report_FINAL_Low%20Res.pdf","http://hawaii.gov/labor/wdc/pdf/Green%20Report_FINAL_Low%20Res.pdf","http://hawaii.gov/labor/wdc/pdf/Green%20Report_FINAL_Low%20Res.pdf","http://hawaii.gov/labor/wdc/pdf/Green%20Report_FINAL_Low%20Res.pdf","http://hawaii.gov/labor/wdc/pdf/Green%20Report_FINAL_Low%20Res.pdf","http://hawaii.gov/labor/wdc/pdf/Green%20Report_FINAL_Low%20Res.pdf","http://hawaii.gov/labor/wdc/pdf/Green%20Report_FINAL_Low%20Res.pdf","http://hawaii.gov/labor/wdc/pdf/Green%20Report_FINAL_Low%20Res.pdf","http://hawaii.gov/labor/wdc/pdf/Green%20Report_FINAL_Low%20Res.pdf","http://hawaii.gov/labor/wdc/pdf/Green%20Report_FINAL_Low%20Res.pdf","http://hawaii.gov/labor/wdc/pdf/Green%20Report_FINAL_Low%20Res.pdf","http://hawaii.gov/labor/wdc/pdf/Green%20Report_FINAL_Low%20Res.pdf","http://hawaii.gov/labor/wdc/pdf/Green%20Report_FINAL_Low%20Res.pdf","http://hawaii.gov/labor/wdc/pdf/Green%20Report_FINAL_Low%20Res.pdf","http://hawaii.gov/labor/wdc/pdf/Green%20Report_FINAL_Low%20Res.pdf","http://hawaii.gov/labor/wdc/pdf/Green%20Report_FINAL_Low%20Res.pdf","http://hawaii.gov/labor/wdc/pdf/Green%20Report_FINAL_Low%20Res.pdf","http://hawaii.gov/labor/wdc/pdf/Green%20Report_FINAL_Low%20Res.pdf","http://hawaii.gov/labor/wdc/pdf/Green%20Report_FINAL_Low%20Res.pdf","http://hawaii.gov/labor/wdc/pdf/Green%20Report_FINAL_Low%20Res.pdf","http://hawaii.gov/labor/wdc/pdf/Green%20Report_FINAL_Low%20Res.pdf","http://hawaii.gov/labor/wdc/pdf/Green%20Report_FINAL_Low%20Res.pdf","http://hawaii.gov/labor/wdc/pdf/Green%20Report_FINAL_Low%20Res.pdf","http://hawaii.gov/labor/wdc/pdf/Green%20Report_FINAL_Low%20Res.pdf","http://hawaii.gov/labor/wdc/pdf/Green%20Report_FINAL_Low%20Res.pdf","http://hawaii.gov/labor/wdc/pdf/Green%20Report_FINAL_Low%20Res.pdf","http://hawaii.gov/labor/wdc/pdf/Green%20Report_FINAL_Low%20Res.pdf","http://hawaii.gov/labor/wdc/pdf/Green%20Report_FINAL_Low%20Res.pdf","http://hawaii.gov/labor/wdc/pdf/Green%20Report_FINAL_Low%20Res.pdf","","","","","","","","","*end of year 2010 data","*end of year 2010 data","*end of year 2010 data","http://www.bls.gov/web/ggqcew/ggqcew_supple_2010.pdf","http://www.bls.gov/ggs/ggqcew_supple_2011Q1.pdf","http://www.bls.gov/ggs/ggqcew_supple_2011Q2.pdf","http://www.bls.gov/ggs/ggqcew_supple_2011Q3.pdf","http://www.bls.gov/ggs/","http://www.bls.gov/ggs/","http://www.bls.gov/ggs/","","","","","","","","","","","","","","","","","","","","","","","","","","","","","","","","","","","","","","","","","","","","","","","","","","","","","","","","","","","","","","","","","","","","","","","","","",""
"Green Jobs - BLS GGS","","","","","","","","","","","","","","","","","","","","","","","","","","","","","","","","","","","","","","","","","","","","","","","","","","","","","","","","","","","","","","","","","","","","","","","","","","","","","","","","","","","","","","","","","","","","","","","","","","","","","","","","","","","","","","","","","","","","","","","","","","","","","","","","","","","","","",""
"Total ","","","","","","","","","","","","","","","","","","","","","","","","","","","","","","","","","","","","","","","","","","","","","","","","","","","15583","15583","15583","15583","15606","15774","16080","0","0","0","0","0","0","0","0","0","","","","","","","","","","","","","","","","","","","","","","","","","","","","","","","","","","","","","","","","","","","","","","","","","","","","","","","","","","","","","","","","","","","",""
"Total private","","","","","","","","","","","","","","","","","","","","","","","","","","","","","","","","","","","","","","","","","","","","","","","","","","","11463","11463","11463","11463","11498","11750","12148","0","0","0","0","0","0","0","0","0","","","","","","","","","","","","","","","","","","","","","","","","","","","","","","","","","","","","","","","","","","","","","","","","","","","","","","","","","","","","","","","","","","","",""
"Natural Resources and mining","","","","","","","","","","","","","","","","","","","","","","","","","","","","","","","","","","","","","","","","","","","","","","","","","","","","","","","324","313","300","0","0","0","0","0","0","0","0","0","","","","","","","","","","","","","","","","","","","","","","","","","","","","","","","","","","","","","","","","","","","","","","","","","","","","","","","","","","","","","","","","","","","",""
"Utiltiies","","","","","","","","","","","","","","","","","","","","","","","","","","","","","","","","","","","","","","","","","","","","","","","","","","","","","","","80","76","81","0","0","0","0","0","0","0","0","0","","","","","","","","","","","","","","","","","","","","","","","","","","","","","","","","","","","","","","","","","","","","","","","","","","","","","","","","","","","","","","","","","","","",""
"Construction","","","","","","","","","","","","","","","","","","","","","","","","","","","","","","","","","","","","","","","","","","","","","","","","","","","","","","","1341","1373","1437","0","0","0","0","0","0","0","0","0","","","","","","","","","","","","","","","","","","","","","","","","","","","","","","","","","","","","","","","","","","","","","","","","","","","","","","","","","","","","","","","","","","","",""
"Manufacturing","","","","","","","","","","","","","","","","","","","","","","","","","","","","","","","","","","","","","","","","","","","","","","","","","","","","","","","0","0","0","0","0","0","0","0","0","0","0","0","","","","","","","","","","","","","","","","","","","","","","","","","","","","","","","","","","","","","","","","","","","","","","","","","","","","","","","","","","","","","","","","","","","",""
"Trade","","","","","","","","","","","","","","","","","","","","","","","","","","","","","","","","","","","","","","","","","","","","","","","","","","","","","","","932","937","950","0","0","0","0","0","0","0","0","0","","","","","","","","","","","","","","","","","","","","","","","","","","","","","","","","","","","","","","","","","","","","","","","","","","","","","","","","","","","","","","","","","","","",""
"Transportation and warehousing","","","","","","","","","","","","","","","","","","","","","","","","","","","","","","","","","","","","","","","","","","","","","","","","","","","","","","","3938","3954","3987","0","0","0","0","0","0","0","0","0","","","","","","","","","","","","","","","","","","","","","","","","","","","","","","","","","","","","","","","","","","","","","","","","","","","","","","","","","","","","","","","","","","","",""
"Information","","","","","","","","","","","","","","","","","","","","","","","","","","","","","","","","","","","","","","","","","","","","","","","","","","","","","","","143","137","146","0","0","0","0","0","0","0","0","0","","","","","","","","","","","","","","","","","","","","","","","","","","","","","","","","","","","","","","","","","","","","","","","","","","","","","","","","","","","","","","","","","","","",""
"Financial Activities","","","","","","","","","","","","","","","","","","","","","","","","","","","","","","","","","","","","","","","","","","","","","","","","","","","","","","","0","0","0","0","0","0","0","0","0","0","0","0","","","","","","","","","","","","","","","","","","","","","","","","","","","","","","","","","","","","","","","","","","","","","","","","","","","","","","","","","","","","","","","","","","","",""
"Professional, scientific, and technical services","","","","","","","","","","","","","","","","","","","","","","","","","","","","","","","","","","","","","","","","","","","","","","","","","","","","","","","2760","2869","3160","0","0","0","0","0","0","0","0","0","","","","","","","","","","","","","","","","","","","","","","","","","","","","","","","","","","","","","","","","","","","","","","","","","","","","","","","","","","","","","","","","","","","",""
"Management of companies and enterprises","","","","","","","","","","","","","","","","","","","","","","","","","","","","","","","","","","","","","","","","","","","","","","","","","","","","","","","0","0","0","0","0","0","0","0","0","0","0","0","","","","","","","","","","","","","","","","","","","","","","","","","","","","","","","","","","","","","","","","","","","","","","","","","","","","","","","","","","","","","","","","","","","",""
"Administrative and waste services","","","","","","","","","","","","","","","","","","","","","","","","","","","","","","","","","","","","","","","","","","","","","","","","","","","","","","","1332","1390","1382","0","0","0","0","0","0","0","0","0","","","","","","","","","","","","","","","","","","","","","","","","","","","","","","","","","","","","","","","","","","","","","","","","","","","","","","","","","","","","","","","","","","","",""
"Education and health services","","","","","","","","","","","","","","","","","","","","","","","","","","","","","","","","","","","","","","","","","","","","","","","","","","","","","","","0","0","0","0","0","0","0","0","0","0","0","0","","","","","","","","","","","","","","","","","","","","","","","","","","","","","","","","","","","","","","","","","","","","","","","","","","","","","","","","","","","","","","","","","","","",""
"Leisure and hospitality","","","","","","","","","","","","","","","","","","","","","","","","","","","","","","","","","","","","","","","","","","","","","","","","","","","","","","","226","257","256","0","0","0","0","0","0","0","0","0","","","","","","","","","","","","","","","","","","","","","","","","","","","","","","","","","","","","","","","","","","","","","","","","","","","","","","","","","","","","","","","","","","","",""
"Other services, except public administration","","","","","","","","","","","","","","","","","","","","","","","","","","","","","","","","","","","","","","","","","","","","","","","","","","","","","","","0","0","0","0","0","0","0","0","0","0","0","0","","","","","","","","","","","","","","","","","","","","","","","","","","","","","","","","","","","","","","","","","","","","","","","","","","","","","","","","","","","","","","","","","","","",""
"","","","","","","","","","","","","","","","","","","","","","","","","","","","","","","","","","","","","","","","","","","","","","","","","","","","","","","","","","","","","","","","","","","","","","","","","","","","","","","","","","","","","","","","","","","","","","","","","","","","","","","","","","","","","","","","","","","","","","","","","","","","","","","","","","","","","","",""
"Green Jobs - WDC","","","","","","","","","","","","","","","","","","","","","","","","","","","","","","","","","","","","","","","","","","","","","","","","","","","","","","","","","","","","","","","","","","","","","","","","","","","","","","","","","","","","","","","","","","","","","","","","","","","","","","","","","","","","","","","","","","","","","","","","","","","","","","","","","","","","","",""
"Total ","","","1903","1903","1903","1903","2054","2054","2054","2054","2175","2175","2175","2175","2256","2256","2256","2256","2396","2396","2396","2396","2455","2455","2455","2455","2281","2281","2281","2281","2303","2303","2303","2303","2710","2710","2710","2710","2732","2732","2732","2732","","","","","","","","","","","","","","","","","","","","","","","","","","","","","","","","","","","","","","","","","","","","","","","","","","","","","","","","","","","","","","","","","","","","","","","","","","","","","","","","","","","","","","","","","","","",""
"Total private","","","","","","","","","","","","","","","","","","","","","","","","","","","","","","","","","","","","","","","","","","","","","","","","","","","","","","","","","","","","","","","","","","","","","","","","","","","","","","","","","","","","","","","","","","","","","","","","","","","","","","","","","","","","","","","","","","","","","","","","","","","","","","","","","","","","","",""
"Natural Resources and mining","","","","","","","","","","","","","","","","","","","","","","","","","","","","","","","","","","","","","","","","","","","","","","","","","","","","","","","","","","","","","","","","","","","","","","","","","","","","","","","","","","","","","","","","","","","","","","","","","","","","","","","","","","","","","","","","","","","","","","","","","","","","","","","","","","","","","",""
"Utiltiies","","","","","","","","","","","","","","","","","","","","","","","","","","","","","","","","","","","","","","","","","","","","","","","","","","","","","","","","","","","","","","","","","","","","","","","","","","","","","","","","","","","","","","","","","","","","","","","","","","","","","","","","","","","","","","","","","","","","","","","","","","","","","","","","","","","","","",""
"Construction","","","","","","","","","","","","","","","","","","","","","","","","","","","","","","","","","","","","","","","","","","","","","","","","","","","","","","","","","","","","","","","","","","","","","","","","","","","","","","","","","","","","","","","","","","","","","","","","","","","","","","","","","","","","","","","","","","","","","","","","","","","","","","","","","","","","","",""
"Manufacturing","","","","","","","","","","","","","","","","","","","","","","","","","","","","","","","","","","","","","","","","","","","","","","","","","","","","","","","","","","","","","","","","","","","","","","","","","","","","","","","","","","","","","","","","","","","","","","","","","","","","","","","","","","","","","","","","","","","","","","","","","","","","","","","","","","","","","",""
"Trade","","","","","","","","","","","","","","","","","","","","","","","","","","","","","","","","","","","","","","","","","","","","","","","","","","","","","","","","","","","","","","","","","","","","","","","","","","","","","","","","","","","","","","","","","","","","","","","","","","","","","","","","","","","","","","","","","","","","","","","","","","","","","","","","","","","","","",""
"Transportation and warehousing","","","","","","","","","","","","","","","","","","","","","","","","","","","","","","","","","","","","","","","","","","","","","","","","","","","","","","","","","","","","","","","","","","","","","","","","","","","","","","","","","","","","","","","","","","","","","","","","","","","","","","","","","","","","","","","","","","","","","","","","","","","","","","","","","","","","","",""
"Information","","","","","","","","","","","","","","","","","","","","","","","","","","","","","","","","","","","","","","","","","","","","","","","","","","","","","","","","","","","","","","","","","","","","","","","","","","","","","","","","","","","","","","","","","","","","","","","","","","","","","","","","","","","","","","","","","","","","","","","","","","","","","","","","","","","","","",""
"Financial Activities","","","","","","","","","","","","","","","","","","","","","","","","","","","","","","","","","","","","","","","","","","","","","","","","","","","","","","","","","","","","","","","","","","","","","","","","","","","","","","","","","","","","","","","","","","","","","","","","","","","","","","","","","","","","","","","","","","","","","","","","","","","","","","","","","","","","","",""
"Professional, scientific, and technical services","","","","","","","","","","","","","","","","","","","","","","","","","","","","","","","","","","","","","","","","","","","","","","","","","","","","","","","","","","","","","","","","","","","","","","","","","","","","","","","","","","","","","","","","","","","","","","","","","","","","","","","","","","","","","","","","","","","","","","","","","","","","","","","","","","","","","",""
"Management of companies and enterprises","","","","","","","","","","","","","","","","","","","","","","","","","","","","","","","","","","","","","","","","","","","","","","","","","","","","","","","","","","","","","","","","","","","","","","","","","","","","","","","","","","","","","","","","","","","","","","","","","","","","","","","","","","","","","","","","","","","","","","","","","","","","","","","","","","","","","",""
"Administrative and waste services","","","","","","","","","","","","","","","","","","","","","","","","","","","","","","","","","","","","","","","","","","","","","","","","","","","","","","","","","","","","","","","","","","","","","","","","","","","","","","","","","","","","","","","","","","","","","","","","","","","","","","","","","","","","","","","","","","","","","","","","","","","","","","","","","","","","","",""
"Education and health services","","","","","","","","","","","","","","","","","","","","","","","","","","","","","","","","","","","","","","","","","","","","","","","","","","","","","","","","","","","","","","","","","","","","","","","","","","","","","","","","","","","","","","","","","","","","","","","","","","","","","","","","","","","","","","","","","","","","","","","","","","","","","","","","","","","","","",""
"Leisure and hospitality","","","","","","","","","","","","","","","","","","","","","","","","","","","","","","","","","","","","","","","","","","","","","","","","","","","","","","","","","","","","","","","","","","","","","","","","","","","","","","","","","","","","","","","","","","","","","","","","","","","","","","","","","","","","","","","","","","","","","","","","","","","","","","","","","","","","","",""
"Other services, except public administration","","","","","","","","","","","","","","","","","","","","","","","","","","","","","","","","","","","","","","","","","","","","","","","","","","","","","","","","","","","","","","","","","","","","","","","","","","","","","","","","","","","","","","","","","","","","","","","","","","","","","","","","","","","","","","","","","","","","","","","","","","","","","","","","","","","","","",""
"","","","","","","","","","","","","","","","","","","","","","","","","","","","","","","","","","","","","","","","","","","","","","","","","","","","","","","","","","","","","","","","","","","","","","","","","","","","","","","","","","","","","","","","","","","","","","","","","","","","","","","","","","","","","","","","","","","","","","","","","","","","","","","","","","","","","","",""
"Green Jobs, DLIR","","","","","","","","","","","","","","","","","","","","","","","","","","","","","","","","","","","","","","","","","","","","","","","","","","","http://dlir.state.hi.us/labor/lmi/pdf/HawaiisGreenWorkforce_BaselineAssessment.pdf","http://dlir.state.hi.us/labor/lmi/pdf/HawaiisGreenWorkforce_BaselineAssessment.pdf","http://dlir.state.hi.us/labor/lmi/pdf/HawaiisGreenWorkforce_BaselineAssessment.pdf","http://dlir.state.hi.us/labor/lmi/pdf/HawaiisGreenWorkforce_BaselineAssessment.pdf","http://dlir.state.hi.us/labor/lmi/pdf/HawaiisGreenWorkforce_BaselineAssessment.pdf","http://dlir.state.hi.us/labor/lmi/pdf/HawaiisGreenWorkforce_BaselineAssessment.pdf","http://dlir.state.hi.us/labor/lmi/pdf/HawaiisGreenWorkforce_BaselineAssessment.pdf","","","","","","","","","","","","","","","","","","","","","","","","","","","","","","","","","","","","","","","","","","","","","","","","","","","","","","","","","","","","","","","","","","","","","","","","","","","","",""
"Total ","","","","","","","","","","","","","","","","","","","","","","","","","","","","","","","","","","","","","","","","","","","","","","","","","","","","","","","","","","","","","","","","","","","","","","","","","","","","","","","","","","","","","","","","","","","","","","","","","","","","","","","","","","","","","","","","","","","","","","","","","","","","","","","","","","","","","",""
"Total private","","","","","","","","","","","","","","","","","","","","","","","","","","","","","","","","","","","","","","","","","","","","","","","","","","","11145","10743","10971","11148","10913","10937","11284","","","","","","","","","","","","","","","","","","","","","","","","","","","","","","","","","","","","","","","","","","","","","","","","","","","","","","","","","","","","","","","","","","","","","","","","","","","","",""
"Natural Resources and mining","","","","","","","","","","","","","","","","","","","","","","","","","","","","","","","","","","","","","","","","","","","","","","","","","","","3","4","4","4","4","4","4","","","","","","","","","","","","","","","","","","","","","","","","","","","","","","","","","","","","","","","","","","","","","","","","","","","","","","","","","","","","","","","","","","","","","","","","","","","","",""
"Utiltiies","","","","","","","","","","","","","","","","","","","","","","","","","","","","","","","","","","","","","","","","","","","","","","","","","","","214","210","211","212","217","223","224","","","","","","","","","","","","","","","","","","","","","","","","","","","","","","","","","","","","","","","","","","","","","","","","","","","","","","","","","","","","","","","","","","","","","","","","","","","","",""
"Construction","","","","","","","","","","","","","","","","","","","","","","","","","","","","","","","","","","","","","","","","","","","","","","","","","","","3327","3044","3119","3267","3033","2988","3166","","","","","","","","","","","","","","","","","","","","","","","","","","","","","","","","","","","","","","","","","","","","","","","","","","","","","","","","","","","","","","","","","","","","","","","","","","","","",""
"Manufacturing","","","","","","","","","","","","","","","","","","","","","","","","","","","","","","","","","","","","","","","","","","","","","","","","","","","347","350","357","361","373","372","361","","","","","","","","","","","","","","","","","","","","","","","","","","","","","","","","","","","","","","","","","","","","","","","","","","","","","","","","","","","","","","","","","","","","","","","","","","","","",""
"Trade","","","","","","","","","","","","","","","","","","","","","","","","","","","","","","","","","","","","","","","","","","","","","","","","","","","1494","1406","1436","1451","1447","1468","1511","","","","","","","","","","","","","","","","","","","","","","","","","","","","","","","","","","","","","","","","","","","","","","","","","","","","","","","","","","","","","","","","","","","","","","","","","","","","",""
"Transportation and warehousing","","","","","","","","","","","","","","","","","","","","","","","","","","","","","","","","","","","","","","","","","","","","","","","","","","","175","169","167","166","162","161","158","","","","","","","","","","","","","","","","","","","","","","","","","","","","","","","","","","","","","","","","","","","","","","","","","","","","","","","","","","","","","","","","","","","","","","","","","","","","",""
"Information","","","","","","","","","","","","","","","","","","","","","","","","","","","","","","","","","","","","","","","","","","","","","","","","","","","7","11","11","12","11","9","10","","","","","","","","","","","","","","","","","","","","","","","","","","","","","","","","","","","","","","","","","","","","","","","","","","","","","","","","","","","","","","","","","","","","","","","","","","","","",""
"Financial Activities","","","","","","","","","","","","","","","","","","","","","","","","","","","","","","","","","","","","","","","","","","","","","","","","","","","0","0","0","0","0","0","0","","","","","","","","","","","","","","","","","","","","","","","","","","","","","","","","","","","","","","","","","","","","","","","","","","","","","","","","","","","","","","","","","","","","","","","","","","","","",""
"Professional, scientific, and technical services","","","","","","","","","","","","","","","","","","","","","","","","","","","","","","","","","","","","","","","","","","","","","","","","","","","945","858","875","881","854","864","882","","","","","","","","","","","","","","","","","","","","","","","","","","","","","","","","","","","","","","","","","","","","","","","","","","","","","","","","","","","","","","","","","","","","","","","","","","","","",""
"Management of companies and enterprises","","","","","","","","","","","","","","","","","","","","","","","","","","","","","","","","","","","","","","","","","","","","","","","","","","","0","0","0","0","0","0","0","","","","","","","","","","","","","","","","","","","","","","","","","","","","","","","","","","","","","","","","","","","","","","","","","","","","","","","","","","","","","","","","","","","","","","","","","","","","",""
"Administrative and waste services","","","","","","","","","","","","","","","","","","","","","","","","","","","","","","","","","","","","","","","","","","","","","","","","","","","2979","2873","2905","2993","3024","3133","3315","","","","","","","","","","","","","","","","","","","","","","","","","","","","","","","","","","","","","","","","","","","","","","","","","","","","","","","","","","","","","","","","","","","","","","","","","","","","",""
"Education and health services","","","","","","","","","","","","","","","","","","","","","","","","","","","","","","","","","","","","","","","","","","","","","","","","","","","307","370","336","327","317","333","342","","","","","","","","","","","","","","","","","","","","","","","","","","","","","","","","","","","","","","","","","","","","","","","","","","","","","","","","","","","","","","","","","","","","","","","","","","","","",""
"Leisure and hospitality * accomodation and food services","","","","","","","","","","","","","","","","","","","","","","","","","","","","","","","","","","","","","","","","","","","","","","","","","","","174","182","231","224","226","229","187","","","","","","","","","","","","","","","","","","","","","","","","","","","","","","","","","","","","","","","","","","","","","","","","","","","","","","","","","","","","","","","","","","","","","","","","","","","","",""
"Other services, except public administration *real estate, arts, entertainment, other services, fishing, hungint","","","","","","","","","","","","","","","","","","","","","","","","","","","","","","","","","","","","","","","","","","","","","","","","","","","1175","1266","1348","1292","1314","1224","1210","","","","","","","","","","","","","","","","","","","","","","","","","","","","","","","","","","","","","","","","","","","","","","","","","","","","","","","","","","","","","","","","","","","","","","","","","","","","",""
"","","","","","","","","","","","","","","","","","","","","","","","","","","","","","","","","","","","","","","","","","","","","","","","","","","","","","","","","","","","","","","","","","","","","","","","","","","","","","","","","","","","","","","","","","","","","","","","","","","","","","","","","","","","","","","","","","","","","","","","","","","","","","","","","","","","","","",""
"Green Jobs, Brookings","","","","","","","","","","","","","","","","","","","","","","","http://www.brookings.edu/research/interactives/aggregate-clean-economy ","http://www.brookings.edu/research/interactives/aggregate-clean-economy ","http://www.brookings.edu/research/interactives/aggregate-clean-economy ","http://www.brookings.edu/research/interactives/aggregate-clean-economy ","http://www.brookings.edu/research/interactives/aggregate-clean-economy ","http://www.brookings.edu/research/interactives/aggregate-clean-economy ","http://www.brookings.edu/research/interactives/aggregate-clean-economy ","http://www.brookings.edu/research/interactives/aggregate-clean-economy ","http://www.brookings.edu/research/interactives/aggregate-clean-economy ","http://www.brookings.edu/research/interactives/aggregate-clean-economy ","http://www.brookings.edu/research/interactives/aggregate-clean-economy ","http://www.brookings.edu/research/interactives/aggregate-clean-economy ","http://www.brookings.edu/research/interactives/aggregate-clean-economy ","http://www.brookings.edu/research/interactives/aggregate-clean-economy ","http://www.brookings.edu/research/interactives/aggregate-clean-economy ","http://www.brookings.edu/research/interactives/aggregate-clean-economy ","http://www.brookings.edu/research/interactives/aggregate-clean-economy ","http://www.brookings.edu/research/interactives/aggregate-clean-economy ","http://www.brookings.edu/research/interactives/aggregate-clean-economy ","http://www.brookings.edu/research/interactives/aggregate-clean-economy ","http://www.brookings.edu/research/interactives/aggregate-clean-economy ","http://www.brookings.edu/research/interactives/aggregate-clean-economy ","http://www.brookings.edu/research/interactives/aggregate-clean-economy ","http://www.brookings.edu/research/interactives/aggregate-clean-economy ","http://www.brookings.edu/research/interactives/aggregate-clean-economy ","http://www.brookings.edu/research/interactives/aggregate-clean-economy ","http://www.brookings.edu/research/interactives/aggregate-clean-economy ","http://www.brookings.edu/research/interactives/aggregate-clean-economy ","http://www.brookings.edu/research/interactives/aggregate-clean-economy ","http://www.brookings.edu/research/interactives/aggregate-clean-economy ","http://www.brookings.edu/research/interactives/aggregate-clean-economy ","http://www.brookings.edu/research/interactives/aggregate-clean-economy ","","","","","","","","","","","","","","","","","","","","","","","","","","","","","","","","","","","","","","","","","","","","","","","","","","","","","","","","","","","","","","","","","","","","","","","","","","","","","","","",""
"Total ","","","","","","","","","","","","","","","","","","","","","","","7144","7144","7144","7144","7568","7568","7568","7568","7869","7869","7869","7869","8410","8410","8410","8410","8885","8885","8885","8885","9089","9089","9089","9089","11087","11087","11087","11087","11113","11113","11113","11113","","","","","","","","","","","","","","","","","","","","","","","","","","","","","","","","","","","","","","","","","","","","","","","","","","","","","","","","","","","","","","","","","","","","","","","","","","","","","","","",""
"Total private","","","","","","","","","","","","","","","","","","","","","","","","","","","","","","","","","","","","","","","","","","","","","","","","","","","","","","","","","","","","","","","","","","","","","","","","","","","","","","","","","","","","","","","","","","","","","","","","","","","","","","","","","","","","","","","","","","","","","","","","","","","","","","","","","","","","","",""
"Natural Resources and mining","","","","","","","","","","","","","","","","","","","","","","","","","","","","","","","","","","","","","","","","","","","","","","","","","","","","","","","","","","","","","","","","","","","","","","","","","","","","","","","","","","","","","","","","","","","","","","","","","","","","","","","","","","","","","","","","","","","","","","","","","","","","","","","","","","","","","",""
"Utiltiies","","","","","","","","","","","","","","","","","","","","","","","","","","","","","","","","","","","","","","","","","","","","","","","","","","","","","","","","","","","","","","","","","","","","","","","","","","","","","","","","","","","","","","","","","","","","","","","","","","","","","","","","","","","","","","","","","","","","","","","","","","","","","","","","","","","","","",""
"Construction","","","","","","","","","","","","","","","","","","","","","","","","","","","","","","","","","","","","","","","","","","","","","","","","","","","","","","","","","","","","","","","","","","","","","","","","","","","","","","","","","","","","","","","","","","","","","","","","","","","","","","","","","","","","","","","","","","","","","","","","","","","","","","","","","","","","","",""
"Manufacturing","","","","","","","","","","","","","","","","","","","","","","","","","","","","","","","","","","","","","","","","","","","","","","","","","","","","","","","","","","","","","","","","","","","","","","","","","","","","","","","","","","","","","","","","","","","","","","","","","","","","","","","","","","","","","","","","","","","","","","","","","","","","","","","","","","","","","",""
"Trade","","","","","","","","","","","","","","","","","","","","","","","","","","","","","","","","","","","","","","","","","","","","","","","","","","","","","","","","","","","","","","","","","","","","","","","","","","","","","","","","","","","","","","","","","","","","","","","","","","","","","","","","","","","","","","","","","","","","","","","","","","","","","","","","","","","","","",""
"Transportation and warehousing","","","","","","","","","","","","","","","","","","","","","","","","","","","","","","","","","","","","","","","","","","","","","","","","","","","","","","","","","","","","","","","","","","","","","","","","","","","","","","","","","","","","","","","","","","","","","","","","","","","","","","","","","","","","","","","","","","","","","","","","","","","","","","","","","","","","","",""
"Information","","","","","","","","","","","","","","","","","","","","","","","","","","","","","","","","","","","","","","","","","","","","","","","","","","","","","","","","","","","","","","","","","","","","","","","","","","","","","","","","","","","","","","","","","","","","","","","","","","","","","","","","","","","","","","","","","","","","","","","","","","","","","","","","","","","","","",""
"Financial Activities","","","","","","","","","","","","","","","","","","","","","","","","","","","","","","","","","","","","","","","","","","","","","","","","","","","","","","","","","","","","","","","","","","","","","","","","","","","","","","","","","","","","","","","","","","","","","","","","","","","","","","","","","","","","","","","","","","","","","","","","","","","","","","","","","","","","","",""
"Professional, scientific, and technical services","","","","","","","","","","","","","","","","","","","","","","","","","","","","","","","","","","","","","","","","","","","","","","","","","","","","","","","","","","","","","","","","","","","","","","","","","","","","","","","","","","","","","","","","","","","","","","","","","","","","","","","","","","","","","","","","","","","","","","","","","","","","","","","","","","","","","",""
"Management of companies and enterprises","","","","","","","","","","","","","","","","","","","","","","","","","","","","","","","","","","","","","","","","","","","","","","","","","","","","","","","","","","","","","","","","","","","","","","","","","","","","","","","","","","","","","","","","","","","","","","","","","","","","","","","","","","","","","","","","","","","","","","","","","","","","","","","","","","","","","",""
"Administrative and waste services","","","","","","","","","","","","","","","","","","","","","","","","","","","","","","","","","","","","","","","","","","","","","","","","","","","","","","","","","","","","","","","","","","","","","","","","","","","","","","","","","","","","","","","","","","","","","","","","","","","","","","","","","","","","","","","","","","","","","","","","","","","","","","","","","","","","","",""
"Education and health services","","","","","","","","","","","","","","","","","","","","","","","","","","","","","","","","","","","","","","","","","","","","","","","","","","","","","","","","","","","","","","","","","","","","","","","","","","","","","","","","","","","","","","","","","","","","","","","","","","","","","","","","","","","","","","","","","","","","","","","","","","","","","","","","","","","","","",""
"Leisure and hospitality * accomodation and food services","","","","","","","","","","","","","","","","","","","","","","","","","","","","","","","","","","","","","","","","","","","","","","","","","","","","","","","","","","","","","","","","","","","","","","","","","","","","","","","","","","","","","","","","","","","","","","","","","","","","","","","","","","","","","","","","","","","","","","","","","","","","","","","","","","","","","",""
"Other services, except public administration *real estate, arts, entertainment, other services, fishing, hungint","","","","","","","","","","","","","","","","","","","","","","","","","","","","","","","","","","","","","","","","","","","","","","","","","","","","","","","","","","","","","","","","","","","","","","","","","","","","","","","","","","","","","","","","","","","","","","","","","","","","","","","","","","","","","","","","","","","","","","","","","","","","","","","","","","","","","",""
"","","","","","","","","","","","","","","","","","","","","","","","","","","","","","","","","","","","","","","","","","","","","","","","","","","","","","","","","","","","","","","","","","","","","","","","","","","","","","","","","","","","","","","","","","","","","","","","","","","","","","","","","","","","","","","","","","","","","","","","","","","","","","","","","","","","","","",""
"Total State Jobs","","","","","","","","","","","","","","","","","","","","","","","","","","","","","","","","","","","","","","","","","","","","","","","","","","","","","","","","","","","","","","","","","","","","","","","","","","","","","","","","","","","","","","","","","","","","","","","","","","","","","","","","","","","","","","","","","","","","","","","","","","","","","","","","","","","","","",""
"","","","http://www.hiwi.org/gsipub/index.asp?docid=421","http://www.hiwi.org/gsipub/index.asp?docid=421","http://www.hiwi.org/gsipub/index.asp?docid=421","http://www.hiwi.org/gsipub/index.asp?docid=421","http://www.hiwi.org/gsipub/index.asp?docid=421","http://www.hiwi.org/gsipub/index.asp?docid=421","http://www.hiwi.org/gsipub/index.asp?docid=421","http://www.hiwi.org/gsipub/index.asp?docid=421","http://www.hiwi.org/gsipub/index.asp?docid=421","http://www.hiwi.org/gsipub/index.asp?docid=421","http://www.hiwi.org/gsipub/index.asp?docid=421","http://www.hiwi.org/gsipub/index.asp?docid=421","http://www.hiwi.org/gsipub/index.asp?docid=421","http://www.hiwi.org/gsipub/index.asp?docid=421","http://www.hiwi.org/gsipub/index.asp?docid=421","http://www.hiwi.org/gsipub/index.asp?docid=421","http://www.hiwi.org/gsipub/index.asp?docid=421","http://www.hiwi.org/gsipub/index.asp?docid=421","http://www.hiwi.org/gsipub/index.asp?docid=421","http://www.hiwi.org/gsipub/index.asp?docid=421","http://www.hiwi.org/gsipub/index.asp?docid=421","http://www.hiwi.org/gsipub/index.asp?docid=421","http://www.hiwi.org/gsipub/index.asp?docid=421","http://www.hiwi.org/gsipub/index.asp?docid=421","http://www.hiwi.org/gsipub/index.asp?docid=421","http://www.hiwi.org/gsipub/index.asp?docid=421","http://www.hiwi.org/gsipub/index.asp?docid=421","http://www.hiwi.org/gsipub/index.asp?docid=421","http://www.hiwi.org/gsipub/index.asp?docid=421","http://www.hiwi.org/gsipub/index.asp?docid=421","http://www.hiwi.org/gsipub/index.asp?docid=421","http://www.hiwi.org/gsipub/index.asp?docid=421","http://www.hiwi.org/gsipub/index.asp?docid=421","http://www.hiwi.org/gsipub/index.asp?docid=421","http://www.hiwi.org/gsipub/index.asp?docid=421","http://www.hiwi.org/gsipub/index.asp?docid=421","http://www.hiwi.org/gsipub/index.asp?docid=421","http://www.hiwi.org/gsipub/index.asp?docid=421","http://www.hiwi.org/gsipub/index.asp?docid=421","http://www.hiwi.org/gsipub/index.asp?docid=421","http://www.hiwi.org/gsipub/index.asp?docid=421","http://www.hiwi.org/gsipub/index.asp?docid=421","http://www.hiwi.org/gsipub/index.asp?docid=421","http://www.hiwi.org/gsipub/index.asp?docid=421","http://www.hiwi.org/gsipub/index.asp?docid=421","http://www.hiwi.org/gsipub/index.asp?docid=421","http://www.hiwi.org/gsipub/index.asp?docid=421","http://www.hiwi.org/gsipub/index.asp?docid=421","http://www.hiwi.org/gsipub/index.asp?docid=421","http://www.hiwi.org/gsipub/index.asp?docid=421","http://www.hiwi.org/gsipub/index.asp?docid=421","http://www.hiwi.org/gsipub/index.asp?docid=421","http://www.bls.gov/ggs/ggqcew_supple_2011Q2.pdf","http://www.bls.gov/ggs/ggqcew_supple_2011Q2.pdf","http://www.bls.gov/ggs/ggqcew_supple_2011Q2.pdf","","","","","","","","","","","","","","","","","","","","","","","","","","","","","","","","","","","","","","","","","","","","","","","","","","","","","","","","","","","","","","","","","","","","","","","","","","","","",""
"Total ","","","531300","531300","531300","531300","535000","535000","535000","535000","551400","551400","551400","551400","554950","554950","554950","554950","556750","556750","556750","556750","567650","567650","567650","567650","583350","583350","583350","583350","601700","601700","601700","601700","617050","617050","617050","617050","624850","624850","624850","624850","619200","619200","619200","619200","591500","591500","591500","591500","586900","586900","586900","586900","588512","589626","591423","0","0","0","0","0","0","0","0","0","","","","","","","","","","","","","","","","","","","","","","","","","","","","","","","","","","","","","","","","","","","","","","","","","","","","","","","","","","","","","","","","","","","",""
"Total private","","","419100","419100","419100","419100","422300","422300","422300","422300","436700","436700","436700","436700","440500","440500","440500","440500","438800","438800","438800","438800","448500","448500","448500","448500","463300","463300","463300","463300","482050","482050","482050","482050","495800","495800","495800","495800","502800","502800","502800","502800","494200","494200","494200","494200","465800","465800","465800","465800","461700","461700","461700","461700","466703","468040","470101","0","0","0","0","0","0","0","0","0","","","","","","","","","","","","","","","","","","","","","","","","","","","","","","","","","","","","","","","","","","","","","","","","","","","","","","","","","","","","","","","","","","","",""
"Natural Resources and mining","","","","","","","","","","","","","","","","","","","","","","","","","","","","","","","","","","","","","","","","","","","","","","","","","","","","","","","#DIV/0!","#DIV/0!","#DIV/0!","#DIV/0!","#DIV/0!","#DIV/0!","#DIV/0!","#DIV/0!","#DIV/0!","#DIV/0!","#DIV/0!","#DIV/0!","","","","","","","","","","","","","","","","","","","","","","","","","","","","","","","","","","","","","","","","","","","","","","","","","","","","","","","","","","","","","","","","","","","",""
"Utiltiies","","","","","","","","","","","","","","","","","","","","","","","","","","","","","","","","","","","","","","","","","","","","","","","","","","","","","","","#DIV/0!","#DIV/0!","#DIV/0!","#DIV/0!","#DIV/0!","#DIV/0!","#DIV/0!","#DIV/0!","#DIV/0!","#DIV/0!","#DIV/0!","#DIV/0!","","","","","","","","","","","","","","","","","","","","","","","","","","","","","","","","","","","","","","","","","","","","","","","","","","","","","","","","","","","","","","","","","","","",""
"Construction","","","","","","","","","","","","","","","","","","","","","","","","","","","","","","","","","","","","","","","","","","","","","","","","","","","","","","","#DIV/0!","#DIV/0!","#DIV/0!","#DIV/0!","#DIV/0!","#DIV/0!","#DIV/0!","#DIV/0!","#DIV/0!","#DIV/0!","#DIV/0!","#DIV/0!","","","","","","","","","","","","","","","","","","","","","","","","","","","","","","","","","","","","","","","","","","","","","","","","","","","","","","","","","","","","","","","","","","","",""
"Manufacturing","","","","","","","","","","","","","","","","","","","","","","","","","","","","","","","","","","","","","","","","","","","","","","","","","","","","","","","#DIV/0!","#DIV/0!","#DIV/0!","#DIV/0!","#DIV/0!","#DIV/0!","#DIV/0!","#DIV/0!","#DIV/0!","#DIV/0!","#DIV/0!","#DIV/0!","","","","","","","","","","","","","","","","","","","","","","","","","","","","","","","","","","","","","","","","","","","","","","","","","","","","","","","","","","","","","","","","","","","",""
"Trade","","","","","","","","","","","","","","","","","","","","","","","","","","","","","","","","","","","","","","","","","","","","","","","","","","","","","","","#DIV/0!","#DIV/0!","#DIV/0!","#DIV/0!","#DIV/0!","#DIV/0!","#DIV/0!","#DIV/0!","#DIV/0!","#DIV/0!","#DIV/0!","#DIV/0!","","","","","","","","","","","","","","","","","","","","","","","","","","","","","","","","","","","","","","","","","","","","","","","","","","","","","","","","","","","","","","","","","","","",""
"Transportation and warehousing","","","","","","","","","","","","","","","","","","","","","","","","","","","","","","","","","","","","","","","","","","","","","","","","","","","","","","","#DIV/0!","#DIV/0!","#DIV/0!","#DIV/0!","#DIV/0!","#DIV/0!","#DIV/0!","#DIV/0!","#DIV/0!","#DIV/0!","#DIV/0!","#DIV/0!","","","","","","","","","","","","","","","","","","","","","","","","","","","","","","","","","","","","","","","","","","","","","","","","","","","","","","","","","","","","","","","","","","","",""
"Information","","","","","","","","","","","","","","","","","","","","","","","","","","","","","","","","","","","","","","","","","","","","","","","","","","","","","","","#DIV/0!","#DIV/0!","#DIV/0!","#DIV/0!","#DIV/0!","#DIV/0!","#DIV/0!","#DIV/0!","#DIV/0!","#DIV/0!","#DIV/0!","#DIV/0!","","","","","","","","","","","","","","","","","","","","","","","","","","","","","","","","","","","","","","","","","","","","","","","","","","","","","","","","","","","","","","","","","","","",""
"Financial Activities","","","","","","","","","","","","","","","","","","","","","","","","","","","","","","","","","","","","","","","","","","","","","","","","","","","","","","","#DIV/0!","#DIV/0!","#DIV/0!","#DIV/0!","#DIV/0!","#DIV/0!","#DIV/0!","#DIV/0!","#DIV/0!","#DIV/0!","#DIV/0!","#DIV/0!","","","","","","","","","","","","","","","","","","","","","","","","","","","","","","","","","","","","","","","","","","","","","","","","","","","","","","","","","","","","","","","","","","","",""
"Professional, scientific, and technical services","","","","","","","","","","","","","","","","","","","","","","","","","","","","","","","","","","","","","","","","","","","","","","","","","","","","","","","#DIV/0!","#DIV/0!","#DIV/0!","#DIV/0!","#DIV/0!","#DIV/0!","#DIV/0!","#DIV/0!","#DIV/0!","#DIV/0!","#DIV/0!","#DIV/0!","","","","","","","","","","","","","","","","","","","","","","","","","","","","","","","","","","","","","","","","","","","","","","","","","","","","","","","","","","","","","","","","","","","",""
"Management of companies and enterprises","","","","","","","","","","","","","","","","","","","","","","","","","","","","","","","","","","","","","","","","","","","","","","","","","","","","","","","#DIV/0!","#DIV/0!","#DIV/0!","#DIV/0!","#DIV/0!","#DIV/0!","#DIV/0!","#DIV/0!","#DIV/0!","#DIV/0!","#DIV/0!","#DIV/0!","","","","","","","","","","","","","","","","","","","","","","","","","","","","","","","","","","","","","","","","","","","","","","","","","","","","","","","","","","","","","","","","","","","",""
"Administrative and waste services","","","","","","","","","","","","","","","","","","","","","","","","","","","","","","","","","","","","","","","","","","","","","","","","","","","","","","","#DIV/0!","#DIV/0!","#DIV/0!","#DIV/0!","#DIV/0!","#DIV/0!","#DIV/0!","#DIV/0!","#DIV/0!","#DIV/0!","#DIV/0!","#DIV/0!","","","","","","","","","","","","","","","","","","","","","","","","","","","","","","","","","","","","","","","","","","","","","","","","","","","","","","","","","","","","","","","","","","","",""
"Education and health services","","","","","","","","","","","","","","","","","","","","","","","","","","","","","","","","","","","","","","","","","","","","","","","","","","","","","","","#DIV/0!","#DIV/0!","#DIV/0!","#DIV/0!","#DIV/0!","#DIV/0!","#DIV/0!","#DIV/0!","#DIV/0!","#DIV/0!","#DIV/0!","#DIV/0!","","","","","","","","","","","","","","","","","","","","","","","","","","","","","","","","","","","","","","","","","","","","","","","","","","","","","","","","","","","","","","","","","","","",""
"Leisure and hospitality","","","","","","","","","","","","","","","","","","","","","","","","","","","","","","","","","","","","","","","","","","","","","","","","","","","","","","","#DIV/0!","#DIV/0!","#DIV/0!","#DIV/0!","#DIV/0!","#DIV/0!","#DIV/0!","#DIV/0!","#DIV/0!","#DIV/0!","#DIV/0!","#DIV/0!","","","","","","","","","","","","","","","","","","","","","","","","","","","","","","","","","","","","","","","","","","","","","","","","","","","","","","","","","","","","","","","","","","","",""
"Other services, except public administration","","","","","","","","","","","","","","","","","","","","","","","","","","","","","","","","","","","","","","","","","","","","","","","","","","","","","","","#DIV/0!","#DIV/0!","#DIV/0!","#DIV/0!","#DIV/0!","#DIV/0!","#DIV/0!","#DIV/0!","#DIV/0!","#DIV/0!","#DIV/0!","#DIV/0!","","","","","","","","","","","","","","","","","","","","","","","","","","","","","","","","","","","","","","","","","","","","","","","","","","","","","","","","","","","","","","","","","","","",""
"","","","","","","","","","","","","","","","","","","","","","","","","","","","","","","","","","","","","","","","","","","","","","","","","","","","","","","","","","","","","","","","","","","","","","","","","","","","","","","","","","","","","","","","","","","","","","","","","","","","","","","","","","","","","","","","","","","","","","","","","","","","","","","","","","","","","","",""
"% of State Jobs, BLS GGS","","","","","","","","","","","","","","","","","","","","","","","","","","","","","","","","","","","","","","","","","","","","","","","","","","","","","","","","","","","","","","","","","","","","","","","","","","","","","","","","","","","","","","","","","","","","","","","","","","","","","","","","","","","","","","","","","","","","","","","","","","","","","","","","","","","","","",""
"Total ","","","#DIV/0!","#DIV/0!","#DIV/0!","#DIV/0!","#DIV/0!","#DIV/0!","#DIV/0!","#DIV/0!","#DIV/0!","#DIV/0!","#DIV/0!","#DIV/0!","#DIV/0!","#DIV/0!","#DIV/0!","#DIV/0!","#DIV/0!","#DIV/0!","#DIV/0!","#DIV/0!","#DIV/0!","#DIV/0!","#DIV/0!","#DIV/0!","#DIV/0!","#DIV/0!","#DIV/0!","#DIV/0!","#DIV/0!","#DIV/0!","#DIV/0!","#DIV/0!","#DIV/0!","#DIV/0!","#DIV/0!","#DIV/0!","#DIV/0!","#DIV/0!","#DIV/0!","#DIV/0!","","","","","","","","","0.0265513716136","0.0265513716136","0.0265513716136","0.0265513716136","0.027","#N/A","0.027","0","0","0","0","0","0","0","0","0","","","","","","","","","","","","","","","","","","","","","","","","","","","","","","","","","","","","","","","","","","","","","","","","","","","","","","","","","","","","","","","","","","","",""
"Total private","","","","","","","","","","","","","","","","","","","","","","","","","","","","","","","","","","","","","","","","","","","","","","","","","","","0.0248278102664","0.0248278102664","0.0248278102664","0.0248278102664","0.025","0.025","0.026","0","0","0","0","0","0","0","0","0","","","","","","","","","","","","","","","","","","","","","","","","","","","","","","","","","","","","","","","","","","","","","","","","","","","","","","","","","","","","","","","","","","","",""
"Natural Resources and mining","","","","","","","","","","","","","","","","","","","","","","","","","","","","","","","","","","","","","","","","","","","","","","","","","","","","","","","0.05","0.049","0.047","0","0","0","0","0","0","0","0","0","","","","","","","","","","","","","","","","","","","","","","","","","","","","","","","","","","","","","","","","","","","","","","","","","","","","","","","","","","","","","","","","","","","",""
"Utiltiies","","","","","","","","","","","","","","","","","","","","","","","","","","","","","","","","","","","","","","","","","","","","","","","","","","","","","","","0.025","0.023","0.025","0","0","0","0","0","0","0","0","0","","","","","","","","","","","","","","","","","","","","","","","","","","","","","","","","","","","","","","","","","","","","","","","","","","","","","","","","","","","","","","","","","","","",""
"Construction","","","","","","","","","","","","","","","","","","","","","","","","","","","","","","","","","","","","","","","","","","","","","","","","","","","","","","","0.047","0.049","0.051","0","0","0","0","0","0","0","0","0","","","","","","","","","","","","","","","","","","","","","","","","","","","","","","","","","","","","","","","","","","","","","","","","","","","","","","","","","","","","","","","","","","","",""
"Manufacturing","","","","","","","","","","","","","","","","","","","","","","","","","","","","","","","","","","","","","","","","","","","","","","","","","","","","","","","0","0","0","0","0","0","0","0","0","0","0","0","","","","","","","","","","","","","","","","","","","","","","","","","","","","","","","","","","","","","","","","","","","","","","","","","","","","","","","","","","","","","","","","","","","",""
"Trade","","","","","","","","","","","","","","","","","","","","","","","","","","","","","","","","","","","","","","","","","","","","","","","","","","","","","","","0.011","0.011","0.011","0","0","0","0","0","0","0","0","0","","","","","","","","","","","","","","","","","","","","","","","","","","","","","","","","","","","","","","","","","","","","","","","","","","","","","","","","","","","","","","","","","","","",""
"Transportation and warehousing","","","","","","","","","","","","","","","","","","","","","","","","","","","","","","","","","","","","","","","","","","","","","","","","","","","","","","","0.169","0.169","0.169","0","0","0","0","0","0","0","0","0","","","","","","","","","","","","","","","","","","","","","","","","","","","","","","","","","","","","","","","","","","","","","","","","","","","","","","","","","","","","","","","","","","","",""
"Information","","","","","","","","","","","","","","","","","","","","","","","","","","","","","","","","","","","","","","","","","","","","","","","","","","","","","","","0.015","0.015","0.016","0","0","0","0","0","0","0","0","0","","","","","","","","","","","","","","","","","","","","","","","","","","","","","","","","","","","","","","","","","","","","","","","","","","","","","","","","","","","","","","","","","","","",""
"Financial Activities","","","","","","","","","","","","","","","","","","","","","","","","","","","","","","","","","","","","","","","","","","","","","","","","","","","","","","","0","0","0","0","0","0","0","0","0","0","0","0","","","","","","","","","","","","","","","","","","","","","","","","","","","","","","","","","","","","","","","","","","","","","","","","","","","","","","","","","","","","","","","","","","","",""
"Professional, scientific, and technical services","","","","","","","","","","","","","","","","","","","","","","","","","","","","","","","","","","","","","","","","","","","","","","","","","","","","","","","0.114","0.118","0.13","0","0","0","0","0","0","0","0","0","","","","","","","","","","","","","","","","","","","","","","","","","","","","","","","","","","","","","","","","","","","","","","","","","","","","","","","","","","","","","","","","","","","",""
"Management of companies and enterprises","","","","","","","","","","","","","","","","","","","","","","","","","","","","","","","","","","","","","","","","","","","","","","","","","","","","","","","0","0","0","0","0","0","0","0","0","0","0","0","","","","","","","","","","","","","","","","","","","","","","","","","","","","","","","","","","","","","","","","","","","","","","","","","","","","","","","","","","","","","","","","","","","",""
"Administrative and waste services","","","","","","","","","","","","","","","","","","","","","","","","","","","","","","","","","","","","","","","","","","","","","","","","","","","","","","","0.032","0.033","0.032","0","0","0","0","0","0","0","0","0","","","","","","","","","","","","","","","","","","","","","","","","","","","","","","","","","","","","","","","","","","","","","","","","","","","","","","","","","","","","","","","","","","","",""
"Education and health services","","","","","","","","","","","","","","","","","","","","","","","","","","","","","","","","","","","","","","","","","","","","","","","","","","","","","","","0","0","0","0","0","0","0","0","0","0","0","0","","","","","","","","","","","","","","","","","","","","","","","","","","","","","","","","","","","","","","","","","","","","","","","","","","","","","","","","","","","","","","","","","","","",""
"Leisure and hospitality","","","","","","","","","","","","","","","","","","","","","","","","","","","","","","","","","","","","","","","","","","","","","","","","","","","","","","","0.02","0.003","0.002","0","0","0","0","0","0","0","0","0","","","","","","","","","","","","","","","","","","","","","","","","","","","","","","","","","","","","","","","","","","","","","","","","","","","","","","","","","","","","","","","","","","","",""
"Other services, except public administration","","","","","","","","","","","","","","","","","","","","","","","","","","","","","","","","","","","","","","","","","","","","","","","","","","","","","","","0","0","0","0","0","0","0","0","0","0","0","0","","","","","","","","","","","","","","","","","","","","","","","","","","","","","","","","","","","","","","","","","","","","","","","","","","","","","","","","","","","","","","","","","","","",""
"","","","","","","","","","","","","","","","","","","","","","","","","","","","","","","","","","","","","","","","","","","","","","","","","","","","","","","","","","","","","","","","","","","","","","","","","","","","","","","","","","","","","","","","","","","","","","","","","","","","","","","","","","","","","","","","","","","","","","","","","","","","","","","","","","","","","","",""
"% of State Jobs, WDC","","","","","","","","","","","","","","","","","","","","","","","","","","","","","","","","","","","","","","","","","","","","","","","","","","","","","","","","","","","","","","","","","","","","","","","","","","","","","","","","","","","","","","","","","","","","","","","","","","","","","","","","","","","","","","","","","","","","","","","","","","","","","","","","","","","","","",""
"Total ","","","0.0035817805383","0.0035817805383","0.0035817805383","0.0035817805383","0.00383925233645","0.00383925233645","0.00383925233645","0.00383925233645","0.00394450489663","0.00394450489663","0.00394450489663","0.00394450489663","0.0040652311019","0.0040652311019","0.0040652311019","0.0040652311019","0.00430354737315","0.00430354737315","0.00430354737315","0.00430354737315","0.00432484805778","0.00432484805778","0.00432484805778","0.00432484805778","0.00391017399503","0.00391017399503","0.00391017399503","0.00391017399503","0.00382748878178","0.00382748878178","0.00382748878178","0.00382748878178","0.00439186451665","0.00439186451665","0.00439186451665","0.00439186451665","0.00437224933984","0.00437224933984","0.00437224933984","0.00437224933984","","","","","","","","","","","","","","","","","","","","","","","","","","","","","","","","","","","","","","","","","","","","","","","","","","","","","","","","","","","","","","","","","","","","","","","","","","","","","","","","","","","","","","","","","","","",""
"Total private","","","","","","","","","","","","","","","","","","","","","","","","","","","","","","","","","","","","","","","","","","","","","","","","","","","","","","","","","","","","","","","","","","","","","","","","","","","","","","","","","","","","","","","","","","","","","","","","","","","","","","","","","","","","","","","","","","","","","","","","","","","","","","","","","","","","","",""
"Natural Resources and mining","","","","","","","","","","","","","","","","","","","","","","","","","","","","","","","","","","","","","","","","","","","","","","","","","","","","","","","","","","","","","","","","","","","","","","","","","","","","","","","","","","","","","","","","","","","","","","","","","","","","","","","","","","","","","","","","","","","","","","","","","","","","","","","","","","","","","",""
"Utiltiies","","","","","","","","","","","","","","","","","","","","","","","","","","","","","","","","","","","","","","","","","","","","","","","","","","","","","","","","","","","","","","","","","","","","","","","","","","","","","","","","","","","","","","","","","","","","","","","","","","","","","","","","","","","","","","","","","","","","","","","","","","","","","","","","","","","","","",""
"Construction","","","","","","","","","","","","","","","","","","","","","","","","","","","","","","","","","","","","","","","","","","","","","","","","","","","","","","","","","","","","","","","","","","","","","","","","","","","","","","","","","","","","","","","","","","","","","","","","","","","","","","","","","","","","","","","","","","","","","","","","","","","","","","","","","","","","","",""
"Manufacturing","","","","","","","","","","","","","","","","","","","","","","","","","","","","","","","","","","","","","","","","","","","","","","","","","","","","","","","","","","","","","","","","","","","","","","","","","","","","","","","","","","","","","","","","","","","","","","","","","","","","","","","","","","","","","","","","","","","","","","","","","","","","","","","","","","","","","",""
"Trade","","","","","","","","","","","","","","","","","","","","","","","","","","","","","","","","","","","","","","","","","","","","","","","","","","","","","","","","","","","","","","","","","","","","","","","","","","","","","","","","","","","","","","","","","","","","","","","","","","","","","","","","","","","","","","","","","","","","","","","","","","","","","","","","","","","","","",""
"Transportation and warehousing","","","","","","","","","","","","","","","","","","","","","","","","","","","","","","","","","","","","","","","","","","","","","","","","","","","","","","","","","","","","","","","","","","","","","","","","","","","","","","","","","","","","","","","","","","","","","","","","","","","","","","","","","","","","","","","","","","","","","","","","","","","","","","","","","","","","","",""
"Information","","","","","","","","","","","","","","","","","","","","","","","","","","","","","","","","","","","","","","","","","","","","","","","","","","","","","","","","","","","","","","","","","","","","","","","","","","","","","","","","","","","","","","","","","","","","","","","","","","","","","","","","","","","","","","","","","","","","","","","","","","","","","","","","","","","","","",""
"Financial Activities","","","","","","","","","","","","","","","","","","","","","","","","","","","","","","","","","","","","","","","","","","","","","","","","","","","","","","","","","","","","","","","","","","","","","","","","","","","","","","","","","","","","","","","","","","","","","","","","","","","","","","","","","","","","","","","","","","","","","","","","","","","","","","","","","","","","","",""
"Professional, scientific, and technical services","","","","","","","","","","","","","","","","","","","","","","","","","","","","","","","","","","","","","","","","","","","","","","","","","","","","","","","","","","","","","","","","","","","","","","","","","","","","","","","","","","","","","","","","","","","","","","","","","","","","","","","","","","","","","","","","","","","","","","","","","","","","","","","","","","","","","",""
"Management of companies and enterprises","","","","","","","","","","","","","","","","","","","","","","","","","","","","","","","","","","","","","","","","","","","","","","","","","","","","","","","","","","","","","","","","","","","","","","","","","","","","","","","","","","","","","","","","","","","","","","","","","","","","","","","","","","","","","","","","","","","","","","","","","","","","","","","","","","","","","",""
"Administrative and waste services","","","","","","","","","","","","","","","","","","","","","","","","","","","","","","","","","","","","","","","","","","","","","","","","","","","","","","","","","","","","","","","","","","","","","","","","","","","","","","","","","","","","","","","","","","","","","","","","","","","","","","","","","","","","","","","","","","","","","","","","","","","","","","","","","","","","","",""
"Education and health services","","","","","","","","","","","","","","","","","","","","","","","","","","","","","","","","","","","","","","","","","","","","","","","","","","","","","","","","","","","","","","","","","","","","","","","","","","","","","","","","","","","","","","","","","","","","","","","","","","","","","","","","","","","","","","","","","","","","","","","","","","","","","","","","","","","","","",""
"Leisure and hospitality","","","","","","","","","","","","","","","","","","","","","","","","","","","","","","","","","","","","","","","","","","","","","","","","","","","","","","","","","","","","","","","","","","","","","","","","","","","","","","","","","","","","","","","","","","","","","","","","","","","","","","","","","","","","","","","","","","","","","","","","","","","","","","","","","","","","","",""
"Other services, except public administration","","","","","","","","","","","","","","","","","","","","","","","","","","","","","","","","","","","","","","","","","","","","","","","","","","","","","","","","","","","","","","","","","","","","","","","","","","","","","","","","","","","","","","","","","","","","","","","","","","","","","","","","","","","","","","","","","","","","","","","","","","","","","","","","","","","","","",""
"","","","","","","","","","","","","","","","","","","","","","","","","","","","","","","","","","","","","","","","","","","","","","","","","","","","","","","","","","","","","","","","","","","","","","","","","","","","","","","","","","","","","","","","","","","","","","","","","","","","","","","","","","","","","","","","","","","","","","","","","","","","","","","","","","","","","","",""
"% of State Jobs, DLIR","","","","","","","","","","","","","","","","","","","","","","","","","","","","","","","","","","","","","","","","","","","","","","","","","","","","","","","","","","","","","","","","","","","","","","","","","","","","","","","","","","","","","","","","","","","","","","","","","","","","","","","","","","","","","","","","","","","","","","","","","","","","","","","","","","","","","",""
"Total ","","","#N/A","#N/A","#N/A","#N/A","#N/A","#N/A","#N/A","#N/A","#N/A","#N/A","#N/A","#N/A","#N/A","#N/A","#N/A","#N/A","#N/A","#N/A","#N/A","#N/A","#N/A","#N/A","#N/A","#N/A","#N/A","#N/A","#N/A","#N/A","#N/A","#N/A","#N/A","#N/A","#N/A","#N/A","#N/A","#N/A","#N/A","#N/A","#N/A","#N/A","#N/A","#N/A","#N/A","#N/A","#N/A","#N/A","#N/A","#N/A","#N/A","#N/A","#N/A","#N/A","#N/A","#N/A","#N/A","","","","","","","","","","","","","","","","","","","","","","","","","","","","","","","","","","","","","","","","","","","","","","","","","","","","","","","","","","","","","","","","","","","","","","","","","","","","",""
"Total private","","","#N/A","#N/A","#N/A","#N/A","#N/A","#N/A","#N/A","#N/A","#N/A","#N/A","#N/A","#N/A","#N/A","#N/A","#N/A","#N/A","#N/A","#N/A","#N/A","#N/A","#N/A","#N/A","#N/A","#N/A","#N/A","#N/A","#N/A","#N/A","#N/A","#N/A","#N/A","#N/A","#N/A","#N/A","#N/A","#N/A","#N/A","#N/A","#N/A","#N/A","#N/A","#N/A","#N/A","#N/A","#N/A","#N/A","#N/A","#N/A","0.024139051332","0.0232683560754","0.0237621832359","0.0241455490578","0.0233831794525","0.0233676608837","0.0240033524711","","","","","","","","","","","","","","","","","","","","","","","","","","","","","","","","","","","","","","","","","","","","","","","","","","","","","","","","","","","","","","","","","","","","","","","","","","","","",""
"Natural Resources and mining","","","","","","","","","","","","","","","","","","","","","","","","","","","","","","","","","","","","","","","","","","","","","","","","","","","","","","","#DIV/0!","#DIV/0!","#DIV/0!","","","","","","","","","","","","","","","","","","","","","","","","","","","","","","","","","","","","","","","","","","","","","","","","","","","","","","","","","","","","","","","","","","","","","","","","","","","","",""
"Utiltiies","","","","","","","","","","","","","","","","","","","","","","","","","","","","","","","","","","","","","","","","","","","","","","","","","","","","","","","#DIV/0!","#DIV/0!","#DIV/0!","","","","","","","","","","","","","","","","","","","","","","","","","","","","","","","","","","","","","","","","","","","","","","","","","","","","","","","","","","","","","","","","","","","","","","","","","","","","",""
"Construction","","","","","","","","","","","","","","","","","","","","","","","","","","","","","","","","","","","","","","","","","","","","","","","","","","","","","","","#DIV/0!","#DIV/0!","#DIV/0!","","","","","","","","","","","","","","","","","","","","","","","","","","","","","","","","","","","","","","","","","","","","","","","","","","","","","","","","","","","","","","","","","","","","","","","","","","","","",""
"Manufacturing","","","","","","","","","","","","","","","","","","","","","","","","","","","","","","","","","","","","","","","","","","","","","","","","","","","","","","","#DIV/0!","#DIV/0!","#DIV/0!","","","","","","","","","","","","","","","","","","","","","","","","","","","","","","","","","","","","","","","","","","","","","","","","","","","","","","","","","","","","","","","","","","","","","","","","","","","","",""
"Trade","","","","","","","","","","","","","","","","","","","","","","","","","","","","","","","","","","","","","","","","","","","","","","","","","","","","","","","#DIV/0!","#DIV/0!","#DIV/0!","","","","","","","","","","","","","","","","","","","","","","","","","","","","","","","","","","","","","","","","","","","","","","","","","","","","","","","","","","","","","","","","","","","","","","","","","","","","",""
"Transportation and warehousing","","","","","","","","","","","","","","","","","","","","","","","","","","","","","","","","","","","","","","","","","","","","","","","","","","","","","","","#DIV/0!","#DIV/0!","#DIV/0!","","","","","","","","","","","","","","","","","","","","","","","","","","","","","","","","","","","","","","","","","","","","","","","","","","","","","","","","","","","","","","","","","","","","","","","","","","","","",""
"Information","","","","","","","","","","","","","","","","","","","","","","","","","","","","","","","","","","","","","","","","","","","","","","","","","","","","","","","#DIV/0!","#DIV/0!","#DIV/0!","","","","","","","","","","","","","","","","","","","","","","","","","","","","","","","","","","","","","","","","","","","","","","","","","","","","","","","","","","","","","","","","","","","","","","","","","","","","",""
"Financial Activities","","","","","","","","","","","","","","","","","","","","","","","","","","","","","","","","","","","","","","","","","","","","","","","","","","","","","","","#DIV/0!","#DIV/0!","#DIV/0!","","","","","","","","","","","","","","","","","","","","","","","","","","","","","","","","","","","","","","","","","","","","","","","","","","","","","","","","","","","","","","","","","","","","","","","","","","","","",""
"Professional, scientific, and technical services","","","","","","","","","","","","","","","","","","","","","","","","","","","","","","","","","","","","","","","","","","","","","","","","","","","","","","","#DIV/0!","#DIV/0!","#DIV/0!","","","","","","","","","","","","","","","","","","","","","","","","","","","","","","","","","","","","","","","","","","","","","","","","","","","","","","","","","","","","","","","","","","","","","","","","","","","","",""
"Management of companies and enterprises","","","","","","","","","","","","","","","","","","","","","","","","","","","","","","","","","","","","","","","","","","","","","","","","","","","","","","","#DIV/0!","#DIV/0!","#DIV/0!","","","","","","","","","","","","","","","","","","","","","","","","","","","","","","","","","","","","","","","","","","","","","","","","","","","","","","","","","","","","","","","","","","","","","","","","","","","","",""
"Administrative and waste services","","","","","","","","","","","","","","","","","","","","","","","","","","","","","","","","","","","","","","","","","","","","","","","","","","","","","","","#DIV/0!","#DIV/0!","#DIV/0!","","","","","","","","","","","","","","","","","","","","","","","","","","","","","","","","","","","","","","","","","","","","","","","","","","","","","","","","","","","","","","","","","","","","","","","","","","","","",""
"Education and health services","","","","","","","","","","","","","","","","","","","","","","","","","","","","","","","","","","","","","","","","","","","","","","","","","","","","","","","#DIV/0!","#DIV/0!","#DIV/0!","","","","","","","","","","","","","","","","","","","","","","","","","","","","","","","","","","","","","","","","","","","","","","","","","","","","","","","","","","","","","","","","","","","","","","","","","","","","",""
"Leisure and hospitality","","","","","","","","","","","","","","","","","","","","","","","","","","","","","","","","","","","","","","","","","","","","","","","","","","","","","","","#DIV/0!","#DIV/0!","#DIV/0!","","","","","","","","","","","","","","","","","","","","","","","","","","","","","","","","","","","","","","","","","","","","","","","","","","","","","","","","","","","","","","","","","","","","","","","","","","","","",""
"Other services, except public administration","","","","","","","","","","","","","","","","","","","","","","","","","","","","","","","","","","","","","","","","","","","","","","","","","","","","","","","#DIV/0!","#DIV/0!","#DIV/0!","","","","","","","","","","","","","","","","","","","","","","","","","","","","","","","","","","","","","","","","","","","","","","","","","","","","","","","","","","","","","","","","","","","","","","","","","","","","",""
"","","","","","","","","","","","","","","","","","","","","","","","","","","","","","","","","","","","","","","","","","","","","","","","","","","","","","","","","","","","","","","","","","","","","","","","","","","","","","","","","","","","","","","","","","","","","","","","","","","","","","","","","","","","","","","","","","","","","","","","","","","","","","","","","","","","","","",""
"% of State Jobs, Brookings","","","","","","","","","","","","","","","","","","","","","","","","","","","","","","","","","","","","","","","","","","","","","","","","","","","","","","","","","","","","","","","","","","","","","","","","","","","","","","","","","","","","","","","","","","","","","","","","","","","","","","","","","","","","","","","","","","","","","","","","","","","","","","","","","","","","","",""
"Total ","","","#N/A","#N/A","#N/A","#N/A","#N/A","#N/A","#N/A","#N/A","#N/A","#N/A","#N/A","#N/A","#N/A","#N/A","#N/A","#N/A","#N/A","#N/A","#N/A","#N/A","0.0125852197657","0.0125852197657","0.0125852197657","0.0125852197657","0.0129733436188","0.0129733436188","0.0129733436188","0.0129733436188","0.0130779458202","0.0130779458202","0.0130779458202","0.0130779458202","0.0136293655295","0.0136293655295","0.0136293655295","0.0136293655295","0.014219412659","0.014219412659","0.014219412659","0.014219412659","0.0146786175711","0.0146786175711","0.0146786175711","0.0146786175711","0.0187438715131","0.0187438715131","0.0187438715131","0.0187438715131","0.0189350826376","0.0189350826376","0.0189350826376","0.0189350826376","#N/A","#N/A","#N/A","","","","","","","","","","","","","","","","","","","","","","","","","","","","","","","","","","","","","","","","","","","","","","","","","","","","","","","","","","","","","","","","","","","","","","","","","","","","",""
"Total private","","","","","","","","","","","","","","","","","","","","","","","","","","","","","","","","","","","","","","","","","","","","","","","","","","","","","","","","","","","","","","","","","","","","","","","","","","","","","","","","","","","","","","","","","","","","","","","","","","","","","","","","","","","","","","","","","","","","","","","","","","","","","","","","","","","","","",""
"Natural Resources and mining","","","","","","","","","","","","","","","","","","","","","","","","","","","","","","","","","","","","","","","","","","","","","","","","","","","","","","","","","","","","","","","","","","","","","","","","","","","","","","","","","","","","","","","","","","","","","","","","","","","","","","","","","","","","","","","","","","","","","","","","","","","","","","","","","","","","","",""
"Utiltiies","","","","","","","","","","","","","","","","","","","","","","","","","","","","","","","","","","","","","","","","","","","","","","","","","","","","","","","","","","","","","","","","","","","","","","","","","","","","","","","","","","","","","","","","","","","","","","","","","","","","","","","","","","","","","","","","","","","","","","","","","","","","","","","","","","","","","",""
"Construction","","","","","","","","","","","","","","","","","","","","","","","","","","","","","","","","","","","","","","","","","","","","","","","","","","","","","","","","","","","","","","","","","","","","","","","","","","","","","","","","","","","","","","","","","","","","","","","","","","","","","","","","","","","","","","","","","","","","","","","","","","","","","","","","","","","","","",""
"Manufacturing","","","","","","","","","","","","","","","","","","","","","","","","","","","","","","","","","","","","","","","","","","","","","","","","","","","","","","","","","","","","","","","","","","","","","","","","","","","","","","","","","","","","","","","","","","","","","","","","","","","","","","","","","","","","","","","","","","","","","","","","","","","","","","","","","","","","","",""
"Trade","","","","","","","","","","","","","","","","","","","","","","","","","","","","","","","","","","","","","","","","","","","","","","","","","","","","","","","","","","","","","","","","","","","","","","","","","","","","","","","","","","","","","","","","","","","","","","","","","","","","","","","","","","","","","","","","","","","","","","","","","","","","","","","","","","","","","",""
"Transportation and warehousing","","","","","","","","","","","","","","","","","","","","","","","","","","","","","","","","","","","","","","","","","","","","","","","","","","","","","","","","","","","","","","","","","","","","","","","","","","","","","","","","","","","","","","","","","","","","","","","","","","","","","","","","","","","","","","","","","","","","","","","","","","","","","","","","","","","","","",""
"Information","","","","","","","","","","","","","","","","","","","","","","","","","","","","","","","","","","","","","","","","","","","","","","","","","","","","","","","","","","","","","","","","","","","","","","","","","","","","","","","","","","","","","","","","","","","","","","","","","","","","","","","","","","","","","","","","","","","","","","","","","","","","","","","","","","","","","",""
"Financial Activities","","","","","","","","","","","","","","","","","","","","","","","","","","","","","","","","","","","","","","","","","","","","","","","","","","","","","","","","","","","","","","","","","","","","","","","","","","","","","","","","","","","","","","","","","","","","","","","","","","","","","","","","","","","","","","","","","","","","","","","","","","","","","","","","","","","","","",""
"Professional, scientific, and technical services","","","","","","","","","","","","","","","","","","","","","","","","","","","","","","","","","","","","","","","","","","","","","","","","","","","","","","","","","","","","","","","","","","","","","","","","","","","","","","","","","","","","","","","","","","","","","","","","","","","","","","","","","","","","","","","","","","","","","","","","","","","","","","","","","","","","","",""
"Management of companies and enterprises","","","","","","","","","","","","","","","","","","","","","","","","","","","","","","","","","","","","","","","","","","","","","","","","","","","","","","","","","","","","","","","","","","","","","","","","","","","","","","","","","","","","","","","","","","","","","","","","","","","","","","","","","","","","","","","","","","","","","","","","","","","","","","","","","","","","","",""
"Administrative and waste services","","","","","","","","","","","","","","","","","","","","","","","","","","","","","","","","","","","","","","","","","","","","","","","","","","","","","","","","","","","","","","","","","","","","","","","","","","","","","","","","","","","","","","","","","","","","","","","","","","","","","","","","","","","","","","","","","","","","","","","","","","","","","","","","","","","","","",""
"Education and health services","","","","","","","","","","","","","","","","","","","","","","","","","","","","","","","","","","","","","","","","","","","","","","","","","","","","","","","","","","","","","","","","","","","","","","","","","","","","","","","","","","","","","","","","","","","","","","","","","","","","","","","","","","","","","","","","","","","","","","","","","","","","","","","","","","","","","",""
"Leisure and hospitality","","","","","","","","","","","","","","","","","","","","","","","","","","","","","","","","","","","","","","","","","","","","","","","","","","","","","","","","","","","","","","","","","","","","","","","","","","","","","","","","","","","","","","","","","","","","","","","","","","","","","","","","","","","","","","","","","","","","","","","","","","","","","","","","","","","","","",""
"Other services, except public administration","","","","","","","","","","","","","","","","","","","","","","","","","","","","","","","","","","","","","","","","","","","","","","","","","","","","","","","","","","","","","","","","","","","","","","","","","","","","","","","","","","","","","","","","","","","","","","","","","","","","","","","","","","","","","","","","","","","","","","","","","","","","","","","","","","","","","",""
"","","","","","","","","","","","","","","","","","","","","","","","","","","","","","","","","","","","","","","","","","","","","","","","","","","","","","","","","","","","","","","","","","","","","","","","","","","","","","","","","","","","","","","","","","","","","","","","","","","","","","","","","","","","","","","","","","","","","","","","","","","","","","","","","","","","","","",""
"","","","","","","","","","","","","","","","","","","","","","","","","","","","","","","","","","","","","","","","","","","","","","","","","","","","","","","","","","","","","","","","","","","","","","","","","","","","","","","","","","","","","","","","","","","","","","","","","","","","","","","","","","","","","","","","","","","","","","","","","","","","","","","","","","","","","","",""
"","","","","","","","","","","","","","","","","","","","","","","","","","","","","","","","","","","","","","","","","","","","","","","","","","","","","","","","","","","","","","","","","","","","","","","","","","","","","","","","","","","","","","","","","","","","","","","","","","","","","","","","","","","","","","","","","","","","","","","","","","","","","","","","","","","","","","",""
"","","","","","","","","","","","","","","","","","","","","","","","","","","","","","","","","","","","","","","","","","","","","","","","","","","","","","","","","","","","","","","","","","","","","","","","","","","","","","","","","","","","","","","","","","","","","","","","","","","","","","","","","","","","","","","","","","","","","","","","","","","","","","","","","","","","","","",""
"","","","","","","","","","","","","","","","","","","","","","","","","","","","","","","","","","","","","","","","","","","","","","","","","","","","","","","","","","","","","","","","","","","","","","","","","","","","","","","","","","","","","","","","","","","","","","","","","","","","","","","","","","","","","","","","","","","","","","","","","","","","","","","","","","","","","","",""
"","","","","","","","","","","","","","","","","","","","","","","","","","","","","","","","","","","","","","","","","","","","","","","","","","","","","","","","","","","","","","","","","","","","","","","","","","","","","","","","","","","","","","","","","","","","","","","","","","","","","","","","","","","","","","","","","","","","","","","","","","","","","","","","","","","","","","",""
"","","","","","","","","","","","","","","","","","","","","","","","","","","","","","","","","","","","","","","","","","","","","","","","","","","","","","","","","","","","","","","","","","","","","","","","","","","","","","","","","","","","","","","","","","","","","","","","","","","","","","","","","","","","","","","","","","","","","","","","","","","","","","","","","","","","","","",""
"","","","","","","","","","","","","","","","","","","","","","","","","","","","","","","","","","","","","","","","","","","","","","","","","","","","","","","","","","","","","","","","","","","","","","","","","","","","","","","","","","","","","","","","","","","","","","","","","","","","","","","","","","","","","","","","","","","","","","","","","","","","","","","","","","","","","","",""
"","","","","","","","","","","","","","","","","","","","","","","","","","","","","","","","","","","","","","","","","","","","","","","","","","","","","","","","","","","","","","","","","","","","","","","","","","","","","","","","","","","","","","","","","","","","","","","","","","","","","","","","","","","","","","","","","","","","","","","","","","","","","","","","","","","","","","",""
"","","","","","","","","","","","","","","","","","","","","","","","","","","","","","","","","","","","","","","","","","","","","","","","","","","","","","","","","","","","","","","","","","","","","","","","","","","","","","","","","","","","","","","","","","","","","","","","","","","","","","","","","","","","","","","","","","","","","","","","","","","","","","","","","","","","","","",""
"","","","","","","","","","","","","","","","","","","","","","","","","","","","","","","","","","","","","","","","","","","","","","","","","","","","","","","","","","","","","","","","","","","","","","","","","","","","","","","","","","","","","","","","","","","","","","","","","","","","","","","","","","","","","","","","","","","","","","","","","","","","","","","","","","","","","","",""
"","","","","","","","","","","","","","","","","","","","","","","","","","","","","","","","","","","","","","","","","","","","","","","","","","","","","","","","","","","","","","","","","","","","","","","","","","","","","","","","","","","","","","","","","","","","","","","","","","","","","","","","","","","","","","","","","","","","","","","","","","","","","","","","","","","","","","",""
"","","","","","","","","","","","","","","","","","","","","","","","","","","","","","","","","","","","","","","","","","","","","","","","","","","","","","","","","","","","","","","","","","","","","","","","","","","","","","","","","","","","","","","","","","","","","","","","","","","","","","","","","","","","","","","","","","","","","","","","","","","","","","","","","","","","","","",""
"","","","","","","","","","","","","","","","","","","","","","","","","","","","","","","","","","","","","","","","","","","","","","","","","","","","","","","","","","","","","","","","","","","","","","","","","","","","","","","","","","","","","","","","","","","","","","","","","","","","","","","","","","","","","","","","","","","","","","","","","","","","","","","","","","","","","","",""
"","","","","","","","","","","","","","","","","","","","","","","","","","","","","","","","","","","","","","","","","","","","","","","","","","","","","","","","","","","","","","","","","","","","","","","","","","","","","","","","","","","","","","","","","","","","","","","","","","","","","","","","","","","","","","","","","","","","","","","","","","","","","","","","","","","","","","",""
"","","","","","","","","","","","","","","","","","","","","","","","","","","","","","","","","","","","","","","","","","","","","","","","","","","","","","","","","","","","","","","","","","","","","","","","","","","","","","","","","","","","","","","","","","","","","","","","","","","","","","","","","","","","","","","","","","","","","","","","","","","","","","","","","","","","","","",""
"","","","","","","","","","","","","","","","","","","","","","","","","","","","","","","","","","","","","","","","","","","","","","","","","","","","","","","","","","","","","","","","","","","","","","","","","","","","","","","","","","","","","","","","","","","","","","","","","","","","","","","","","","","","","","","","","","","","","","","","","","","","","","","","","","","","","","",""
"","","","","","","","","","","","","","","","","","","","","","","","","","","","","","","","","","","","","","","","","","","","","","","","","","","","","","","","","","","","","","","","","","","","","","","","","","","","","","","","","","","","","","","","","","","","","","","","","","","","","","","","","","","","","","","","","","","","","","","","","","","","","","","","","","","","","","",""
"Notes","","","","","","","","","","","","","","","","","","","","","","","","","","","","","","","","","","","","","","","","","","","","","","","","","","","","","","","","","","","","","","","","","","","","","","","","","","","","","","","","","","","","","","","","","","","","","","","","","","","","","","","","","","","","","","","","","","","","","","","","","","","","","","","","","","","","","",""
"Data located here:","","","","","","","","","","","","","","","","","","","","","","","","","","","","","","","","","","","","","","","","","","","","","","","","","","","","","","","","","","","","","","","","","","","","","","","","","","","","","","","","","","","","","","","","","","","","","","","","","","","","","","","","","","","","","","","","","","","","","","","","","","","","","","","","","","","","","",""
"http://www.bls.gov/ggs/","","","","","","","","","","","","","","","","","","","","","","","","","","","","","","","","","","","","","","","","","","","","","","","","","","","","","","","","","","","","","","","","","","","","","","","","","","","","","","","","","","","","","","","","","","","","","","","","","","","","","","","","","","","","","","","","","","","","","","","","","","","","","","","","","","","","","",""
"http://dlir.state.hi.us/labor/lmi/pdf/HawaiisGreenWorkforce_BaselineAssessment.pdf","","","","","","","","","","","","","","","","","","","","","","","","","","","","","","","","","","","","","","","","","","","","","","","","","","","","","","","","","","","","","","","","","","","","","","","","","","","","","","","","","","","","","","","","","","","","","","","","","","","","","","","","","","","","","","","","","","","","","","","","","","","","","","","","","","","","","",""
"https://www.hiwi.org/admin/gsipub/htmlarea/uploads/HGJI_Reality_Check_How_Green_is_HI_Workforce.pdf  ","","","","","","","","","","","","","","","","","","","","","","","","","","","","","","","","","","","","","","","","","","","","","","","","","","","","","","","","","","","","","","","","","","","","","","","","","","","","","","","","","","","","","","","","","","","","","","","","","","","","","","","","","","","","","","","","","","","","","","","","","","","","","","","","","","","","","",""