"Metric 4: Price Annual Consumption Data","","","","","Notes","","","","","","","","","","","","","","","","","","","","","","","","","","","","","","","","","","","","","","","","","","","","","","","","","","","","","","","","","","","","","","","","","","","","","","",""
"","","","","","","3","4","5","6","7","8","9","10","11","12","13","14","15","16","17","18","19","20","21","22","23","24","25","26","27","28","29","30","31","32","33","34","35","36","37","38","39","40","41","42","43","44","45","46","47","48","49","50","51","52","53","54","55","56","57","58","59","60","61","62","63","64","65","66","67","68","69","70","71","72","73"
"","","","","Source","Notes","1960","1961","1962","1963","1964","1965","1966","1967","1968","1969","1970","1971","1972","1973","1974","1975","1976","1977","1978","1979","1980","1981","1982","1983","1984","1985","1986","1987","1988","1989","1990","1991","1992","1993","1994","1995","1996","1997","1998","1999","2000","2001","2002","2003","2004","2005","2006","2007","2008","2009","2010","2011","2012","2013","2014","2015","2016","2017","2018","2019","2020","2021","2022","2023","2024","2025","2026","2027","2028","2029","2030"
"Variable EC(c,s,y): Consumption ","","","","","","","","","","","","","","","","","","","","","","","","","","","","","","","","","","","","","","","","","","","","","","","","","","","","","","","","","","","","","","","","","","","","","","","","","","","",""
"Residential","","","","","","","","","","","","","","","","","","","","","","","","","","","","","","","","","","","","","","","","","","","","","","","","","","","","","","","","","","","","","","","","","","","","","","","","","","","",""
"","Electricity","ESRCB","Billion Btu","http://www.eia.gov/state/seds/seds-states.cfm?q_state_a=HI&q_state=Hawaii#undefined ","","1754","1966","2194","2497","2688","2938","3121","3389","3758","4050","4384","4745","5155","5456","5646","5674","5925","6005","6070","6299","6281","6565","6284","6327","6270","6411","6695","7072","7341","7650","7929","8174","8320","8423","8724","8893","9130","9103","9010","9175","9433","9562","9889","10330","10789","10796","10858","10921","10527","10425","10200","9993","9346","8901","8816","9012","8911","#N/A","#N/A","#N/A","#N/A","#N/A","#N/A","#N/A","#N/A","#N/A","#N/A","#N/A","#N/A","#N/A","#N/A"
"","Gasoline","-","-","http://www.eia.gov/state/seds/seds-states.cfm?q_state_a=HI&q_state=Hawaii#undefined ","","0","0","0","0","0","0","0","0","0","0","0","0","0","0","0","0","0","0","0","0","0","0","0","0","0","0","0","0","0","0","0","0","0","0","0","0","0","0","0","0","0","0","0","0","0","0","0","0","0","0","0","0","0","0","0","0","0","0","0","0","0","0","0","0","0","0","0","0","0","0","0"
"","Jet Fuel","-","-","http://www.eia.gov/state/seds/seds-states.cfm?q_state_a=HI&q_state=Hawaii#undefined ","","0","0","0","0","0","0","0","0","0","0","0","0","0","0","0","0","0","0","0","0","0","0","0","0","0","0","0","0","0","0","0","0","0","0","0","0","0","0","0","0","0","0","0","0","0","0","0","0","0","0","0","0","0","0","0","0","0","0","0","0","0","0","0","0","0","0","0","0","0","0","0"
"","Diesel","DFRCB","Billion Btu","http://www.eia.gov/state/seds/seds-states.cfm?q_state_a=HI&q_state=Hawaii#undefined ","","2","3","2","3","3","3","4","3","4","6","8","6","6","6","4","4","4","5","6","12","6","6","0","4","4","2","4","4","9","2","2","2","2","11","10","10","1","3","2","2","2","2","2","2","2","1","19","19","30","16","1","1","0","0","0","2","0","#N/A","#N/A","#N/A","#N/A","#N/A","#N/A","#N/A","#N/A","#N/A","#N/A","#N/A","#N/A","#N/A","#N/A"
"","Fuel Oil","-","-","http://www.eia.gov/state/seds/seds-states.cfm?q_state_a=HI&q_state=Hawaii#undefined ","","0","0","0","0","0","0","0","0","0","0","0","0","0","0","0","0","0","0","0","0","0","0","0","0","0","0","0","0","0","0","0","0","0","0","0","0","0","0","0","0","0","0","0","0","0","0","0","0","0","0","0","0","0","0","0","0","0","0","0","0","0","0","0","0","0","0","0","0","0","0","0"
"","LPG","LGRCB","Billion Btu","http://www.eia.gov/state/seds/seds-states.cfm?q_state_a=HI&q_state=Hawaii#undefined ","","#N/A","#N/A","#N/A","#N/A","#N/A","#N/A","#N/A","#N/A","#N/A","#N/A","#N/A","#N/A","#N/A","#N/A","#N/A","#N/A","#N/A","#N/A","#N/A","#N/A","#N/A","#N/A","#N/A","#N/A","#N/A","#N/A","#N/A","#N/A","#N/A","#N/A","#N/A","#N/A","#N/A","#N/A","#N/A","#N/A","#N/A","#N/A","#N/A","#N/A","#N/A","#N/A","#N/A","#N/A","#N/A","#N/A","#N/A","#N/A","#N/A","#N/A","#N/A","#N/A","#N/A","#N/A","#N/A","#N/A","#N/A","#N/A","#N/A","#N/A","#N/A","#N/A","#N/A","#N/A","#N/A","#N/A","#N/A","#N/A","#N/A","#N/A","#N/A"
"","SNG","NGRCB","Billion Btu","http://www.eia.gov/state/seds/seds-states.cfm?q_state_a=HI&q_state=Hawaii#undefined ","","0","0","0","0","0","0","0","0","0","0","0","0","0","0","0","0","0","0","0","0","1364","1236","1184","1147","1075","676","629","631","607","610","605","589","592","592","607","601","571","533","565","552","560","557","571","562","549","535","542","528","520","530","529","509","503","585","559","562","560","#N/A","#N/A","#N/A","#N/A","#N/A","#N/A","#N/A","#N/A","#N/A","#N/A","#N/A","#N/A","#N/A","#N/A"
"","Biodiesel","-","-","http://www.eia.gov/state/seds/seds-states.cfm?q_state_a=HI&q_state=Hawaii#undefined ","","0","0","0","0","0","0","0","0","0","0","0","0","0","0","0","0","0","0","0","0","0","0","0","0","0","0","0","0","0","0","0","0","0","0","0","0","0","0","0","0","0","0","0","0","0","0","0","0","0","0","0","0","0","0","0","0","0","0","0","0","0","0","0","0","0","0","0","0","0","0","0"
"","Ethanol","-","-","http://www.eia.gov/state/seds/seds-states.cfm?q_state_a=HI&q_state=Hawaii#undefined ","","0","0","0","0","0","0","0","0","0","0","0","0","0","0","0","0","0","0","0","0","0","0","0","0","0","0","0","0","0","0","0","0","0","0","0","0","0","0","0","0","0","0","0","0","0","0","0","0","0","0","0","0","0","0","0","0","0","0","0","0","0","0","0","0","0","0","0","0","0","0","0"
"","","","","","","","","","","","","","","","","","","","","","","","","","","","","","","","","","","","","","","","","","","","","","","","","","","","","","","","","","","","","","","","","","","","","","","","","","","","",""
"Commercial","","","","","","","","","","","","","","","","","","","","","","","","","","","","","","","","","","","","","","","","","","","","","","","","","","","","","","","","","","","","","","","","","","","","","","","","","","","",""
"","Electricity","ESCCB","Billion Btu","http://www.eia.gov/state/seds/seds-states.cfm?q_state_a=HI&q_state=Hawaii#undefined ","","1042","1154","1276","1439","1561","1689","1833","1984","2220","2371","2631","2792","3124","3471","3590","3784","4052","4359","4586","4821","4988","4952","4803","4915","5454","5502","6247","6625","7070","7343","7687","8037","8247","8255","8874","9481","9618","9685","9666","10046","10550","10892","10996","12000","12394","11816","11907","12011","11945","11560","11446","11492","11049","11161","10925","10831","10616","#N/A","#N/A","#N/A","#N/A","#N/A","#N/A","#N/A","#N/A","#N/A","#N/A","#N/A","#N/A","#N/A","#N/A"
"","Gasoline","MGCCB","Billion Btu","http://www.eia.gov/state/seds/seds-states.cfm?q_state_a=HI&q_state=Hawaii#undefined ","","290","287","301","292","354","309","395","407","549","635","701","421","434","506","331","517","488","503","531","528","282","312","307","258","228","249","242","233","280","272","310","256","234","57","57","58","58","58","58","58","59","60","60","61","62","63","62","62","62","62","61","61","61","63","60","1564","1586","#N/A","#N/A","#N/A","#N/A","#N/A","#N/A","#N/A","#N/A","#N/A","#N/A","#N/A","#N/A","#N/A","#N/A"
"","Jet Fuel","-","-","http://www.eia.gov/state/seds/seds-states.cfm?q_state_a=HI&q_state=Hawaii#undefined ","","0","0","0","0","0","0","0","0","0","0","0","0","0","0","0","0","0","0","0","0","0","0","0","0","0","0","0","0","0","0","0","0","0","0","0","0","0","0","0","0","0","0","0","0","0","0","0","0","0","0","0","0","0","0","0","0","0","0","0","0","0","0","0","0","0","0","0","0","0","0","0"
"","Diesel","DFCCB","Billion Btu","http://www.eia.gov/state/seds/seds-states.cfm?q_state_a=HI&q_state=Hawaii#undefined ","","277","328","303","344","392","416","462","420","521","714","1012","826","759","749","548","491","538","708","726","1533","2317","1034","319","575","674","768","1068","2385","3273","2920","2636","3552","2901","2414","2265","1998","1302","2282","1225","1512","1271","793","1805","1644","2220","2237","2274","1629","1277","1574","1528","1729","1538","1473","1864","1299","905","#N/A","#N/A","#N/A","#N/A","#N/A","#N/A","#N/A","#N/A","#N/A","#N/A","#N/A","#N/A","#N/A","#N/A"
"","Fuel Oil","RFCCB","Billion Btu","http://www.eia.gov/state/seds/seds-states.cfm?q_state_a=HI&q_state=Hawaii#undefined ","","255","274","229","221","215","195","211","188","232","244","236","198","200","202","147","95","138","196","176","99","157","342","667","58","148","131","421","335","11076","9163","5189","116","6612","214","2719","392","79","69","10711","36","52","34","0","0","27","18","5","3","0","0","0","0","0","0","0","0","0","#N/A","#N/A","#N/A","#N/A","#N/A","#N/A","#N/A","#N/A","#N/A","#N/A","#N/A","#N/A","#N/A","#N/A"
"","LPG","LGCCB","Billion Btu","http://www.eia.gov/state/seds/seds-states.cfm?q_state_a=HI&q_state=Hawaii#undefined ","","#N/A","#N/A","#N/A","#N/A","#N/A","#N/A","#N/A","#N/A","#N/A","#N/A","#N/A","#N/A","#N/A","#N/A","#N/A","#N/A","#N/A","#N/A","#N/A","#N/A","#N/A","#N/A","#N/A","#N/A","#N/A","#N/A","#N/A","#N/A","#N/A","#N/A","#N/A","#N/A","#N/A","#N/A","#N/A","#N/A","#N/A","#N/A","#N/A","#N/A","#N/A","#N/A","#N/A","#N/A","#N/A","#N/A","#N/A","#N/A","#N/A","#N/A","#N/A","#N/A","#N/A","#N/A","#N/A","#N/A","#N/A","#N/A","#N/A","#N/A","#N/A","#N/A","#N/A","#N/A","#N/A","#N/A","#N/A","#N/A","#N/A","#N/A","#N/A"
"","SNG","NGCCB","Billion Btu","http://www.eia.gov/state/seds/seds-states.cfm?q_state_a=HI&q_state=Hawaii#undefined ","","0","0","0","0","0","0","0","0","0","0","0","0","0","0","0","0","0","0","0","0","1652","1544","1589","1584","1363","2010","2045","2156","2209","2299","2378","2320","2301","2255","2313","2304","2254","1804","1845","1845","1854","1812","1823","1833","1889","1905","1898","1904","1845","1822","1848","1853","1935","1884","1852","1874","1889","#N/A","#N/A","#N/A","#N/A","#N/A","#N/A","#N/A","#N/A","#N/A","#N/A","#N/A","#N/A","#N/A","#N/A"
"","Biodiesel","-","-","http://www.eia.gov/state/seds/seds-states.cfm?q_state_a=HI&q_state=Hawaii#undefined ","","0","0","0","0","0","0","0","0","0","0","0","0","0","0","0","0","0","0","0","0","0","0","0","0","0","0","0","0","0","0","0","0","0","0","0","0","0","0","0","0","0","0","0","0","0","0","0","0","0","0","0","0","0","0","0","0","0","0","0","0","0","0","0","0","0","0","0","0","0","0","0"
"","Ethanol","EMCCB","Billion Btu","http://www.eia.gov/state/seds/seds-states.cfm?q_state_a=HI&q_state=Hawaii#undefined ","","0","0","0","0","0","0","0","0","0","0","0","0","0","0","0","0","0","0","0","0","0","0","0","0","0","0","0","0","0","0","0","0","0","0","0","0","0","0","0","0","0","0","0","0","0","1","1","2","4","4","3","4","3","4","4","111","112","#N/A","#N/A","#N/A","#N/A","#N/A","#N/A","#N/A","#N/A","#N/A","#N/A","#N/A","#N/A","#N/A","#N/A"
"","","","","","","","","","","","","","","","","","","","","","","","","","","","","","","","","","","","","","","","","","","","","","","","","","","","","","","","","","","","","","","","","","","","","","","","","","","","",""
"Industrial","","","","","","","","","","","","","","","","","","","","","","","","","","","","","","","","","","","","","","","","","","","","","","","","","","","","","","","","","","","","","","","","","","","","","","","","","","","",""
"Note: Industrial figures exclude refinery activity","Electricity","ESISB","Billion Btu","http://www.eia.gov/state/seds/seds-states.cfm?q_state_a=HI&q_state=Hawaii#undefined ","","#N/A","#N/A","#N/A","#N/A","#N/A","#N/A","#N/A","#N/A","#N/A","#N/A","#N/A","#N/A","#N/A","#N/A","#N/A","#N/A","#N/A","#N/A","#N/A","#N/A","#N/A","#N/A","#N/A","#N/A","#N/A","#N/A","#N/A","#N/A","#N/A","#N/A","#N/A","#N/A","#N/A","#N/A","#N/A","#N/A","#N/A","#N/A","#N/A","#N/A","#N/A","#N/A","#N/A","#N/A","#N/A","#N/A","12572","12440","12250","11881","11870","11826","11807","12277","12497","12405","12506","#N/A","#N/A","#N/A","#N/A","#N/A","#N/A","#N/A","#N/A","#N/A","#N/A","#N/A","#N/A","#N/A","#N/A"
"","Gasoline","MGICB","Billion Btu","http://www.eia.gov/state/seds/seds-states.cfm?q_state_a=HI&q_state=Hawaii#undefined ","","438","482","517","465","424","401","384","401","321","286","260","313","402","321","359","278","281","278","313","250","255","269","271","201","274","546","533","566","579","676","701","788","796","1262","1279","1277","1350","1264","1387","810","834","636","756","714","879","691","733","1256","1266","1191","726","747","710","699","865","1438","1421","#N/A","#N/A","#N/A","#N/A","#N/A","#N/A","#N/A","#N/A","#N/A","#N/A","#N/A","#N/A","#N/A","#N/A"
"","Jet Fuel","-","-","http://www.eia.gov/state/seds/seds-states.cfm?q_state_a=HI&q_state=Hawaii#undefined ","","0","0","0","0","0","0","0","0","0","0","0","0","0","0","0","0","0","0","0","0","0","0","0","0","0","0","0","0","0","0","0","0","0","0","0","0","0","0","0","0","0","0","0","0","0","0","0","0","0","0","0","0","0","0","0","0","0","0","0","0","0","0","0","0","0","0","0","0","0","0","0"
"","Diesel","DFISB","Billion Btu","http://www.eia.gov/state/seds/seds-states.cfm?q_state_a=HI&q_state=Hawaii#undefined ","","#N/A","#N/A","#N/A","#N/A","#N/A","#N/A","#N/A","#N/A","#N/A","#N/A","#N/A","#N/A","#N/A","#N/A","#N/A","#N/A","#N/A","#N/A","#N/A","#N/A","#N/A","#N/A","#N/A","#N/A","#N/A","#N/A","#N/A","#N/A","#N/A","#N/A","#N/A","#N/A","#N/A","#N/A","#N/A","#N/A","#N/A","#N/A","#N/A","#N/A","#N/A","#N/A","#N/A","#N/A","#N/A","#N/A","2619","2579","1979","2319","1861","1944","2146","1823","2228","1795","872","#N/A","#N/A","#N/A","#N/A","#N/A","#N/A","#N/A","#N/A","#N/A","#N/A","#N/A","#N/A","#N/A","#N/A"
"","Fuel Oil","RFISB","Billion Btu","http://www.eia.gov/state/seds/seds-states.cfm?q_state_a=HI&q_state=Hawaii#undefined ","","#N/A","#N/A","#N/A","#N/A","#N/A","#N/A","#N/A","#N/A","#N/A","#N/A","#N/A","#N/A","#N/A","#N/A","#N/A","#N/A","#N/A","#N/A","#N/A","#N/A","#N/A","#N/A","#N/A","#N/A","#N/A","#N/A","#N/A","#N/A","#N/A","#N/A","#N/A","#N/A","#N/A","#N/A","#N/A","#N/A","#N/A","#N/A","#N/A","#N/A","#N/A","#N/A","#N/A","#N/A","#N/A","#N/A","844","0","303","0","0","180","157","522","0","72","1389","#N/A","#N/A","#N/A","#N/A","#N/A","#N/A","#N/A","#N/A","#N/A","#N/A","#N/A","#N/A","#N/A","#N/A"
"","LPG","LGISB","Billion Btu","http://www.eia.gov/state/seds/seds-states.cfm?q_state_a=HI&q_state=Hawaii#undefined ","","#N/A","#N/A","#N/A","#N/A","#N/A","#N/A","#N/A","#N/A","#N/A","#N/A","#N/A","#N/A","#N/A","#N/A","#N/A","#N/A","#N/A","#N/A","#N/A","#N/A","#N/A","#N/A","#N/A","#N/A","#N/A","#N/A","#N/A","#N/A","#N/A","#N/A","#N/A","#N/A","#N/A","#N/A","#N/A","#N/A","#N/A","#N/A","#N/A","#N/A","#N/A","#N/A","#N/A","#N/A","#N/A","#N/A","#N/A","#N/A","#N/A","#N/A","#N/A","#N/A","#N/A","#N/A","#N/A","#N/A","#N/A","#N/A","#N/A","#N/A","#N/A","#N/A","#N/A","#N/A","#N/A","#N/A","#N/A","#N/A","#N/A","#N/A","#N/A"
"","SNG","NGISB","Billion Btu","http://www.eia.gov/state/seds/seds-states.cfm?q_state_a=HI&q_state=Hawaii#undefined ","","#N/A","#N/A","#N/A","#N/A","#N/A","#N/A","#N/A","#N/A","#N/A","#N/A","#N/A","#N/A","#N/A","#N/A","#N/A","#N/A","#N/A","#N/A","#N/A","#N/A","#N/A","#N/A","#N/A","#N/A","#N/A","#N/A","#N/A","#N/A","#N/A","#N/A","#N/A","#N/A","#N/A","#N/A","#N/A","#N/A","#N/A","#N/A","#N/A","#N/A","#N/A","#N/A","#N/A","#N/A","#N/A","#N/A","421","462","394","314","304","325","319","390","385","434","532","#N/A","#N/A","#N/A","#N/A","#N/A","#N/A","#N/A","#N/A","#N/A","#N/A","#N/A","#N/A","#N/A","#N/A"
"","Biodiesel","-","-","http://www.eia.gov/state/seds/seds-states.cfm?q_state_a=HI&q_state=Hawaii#undefined ","","0","0","0","0","0","0","0","0","0","0","0","0","0","0","0","0","0","0","0","0","0","0","0","0","0","0","0","0","0","0","0","0","0","0","0","0","0","0","0","0","0","0","0","0","0","0","0","0","0","0","0","0","0","0","0","0","0","0","0","0","0","0","0","0","0","0","0","0","0","0","0"
"","Ethanol","EMICB","Billion Btu","http://www.eia.gov/state/seds/seds-states.cfm?q_state_a=HI&q_state=Hawaii#undefined ","","0","0","0","0","0","0","0","0","0","0","0","0","0","0","0","0","0","0","0","0","0","0","0","0","0","0","0","0","0","0","0","0","0","0","0","0","0","0","0","0","0","0","0","0","0","14","17","37","75","79","40","43","39","39","52","102","100","#N/A","#N/A","#N/A","#N/A","#N/A","#N/A","#N/A","#N/A","#N/A","#N/A","#N/A","#N/A","#N/A","#N/A"
"","","","","","","","","","","","","","","","","","","","","","","","","","","","","","","","","","","","","","","","","","","","","","","","","","","","","","","","","","","","","","","","","","","","","","","","","","","","",""
"Ground and Water Transportation","","","","","","","","","","","","","","","","","","","","","","","","","","","","","","","","","","","","","","","","","","","","","","","","","","","","","","","","","","","","","","","","","","","","","","","","","","","",""
"","Electricity","ESACB","Billion Btu","http://www.eia.gov/state/seds/seds-states.cfm?q_state_a=HI&q_state=Hawaii#undefined ","","0","0","0","0","0","0","0","0","0","0","0","0","0","0","0","0","0","0","0","0","0","0","0","0","0","0","0","0","0","0","0","0","0","0","0","0","0","0","0","0","0","0","0","0","0","0","0","0","0","0","0","0","0","0","0","0","0","#N/A","#N/A","#N/A","#N/A","#N/A","#N/A","#N/A","#N/A","#N/A","#N/A","#N/A","#N/A","#N/A","#N/A"
"","Gasoline","MGACB","Billion Btu","http://www.eia.gov/state/seds/seds-states.cfm?q_state_a=HI&q_state=Hawaii#undefined ","","17283","17859","18658","18976","19502","20734","21778","22966","24777","26267","28932","30110","31742","33886","33683","34747","36157","38123","39285","38650","37448","37163","37566","37572","39044","39096","40606","42199","43667","45037","44531","46076","45562","46081","47538","47796","47503","47478","47276","45804","47542","49930","53476","54359","54923","56310","59070","57179","53393","54010","49956","55674","52827","53632","53879","52927","53756","#N/A","#N/A","#N/A","#N/A","#N/A","#N/A","#N/A","#N/A","#N/A","#N/A","#N/A","#N/A","#N/A","#N/A"
"","Jet Fuel","-","-","http://www.eia.gov/state/seds/seds-states.cfm?q_state_a=HI&q_state=Hawaii#undefined ","","0","0","0","0","0","0","0","0","0","0","0","0","0","0","0","0","0","0","0","0","0","0","0","0","0","0","0","0","0","0","0","0","0","0","0","0","0","0","0","0","0","0","0","0","0","0","0","0","0","0","0","0","0","0","0","0","0","0","0","0","0","0","0","0","0","0","0","0","0","0","0"
"","Diesel","DFACB","Billion Btu","http://www.eia.gov/state/seds/seds-states.cfm?q_state_a=HI&q_state=Hawaii#undefined ","","1439","5524","5678","4456","6563","4919","3361","2480","3664","3600","4208","4782","4209","4329","5390","4842","7270","9040","10492","22640","19405","21455","15083","7268","8176","18548","17889","9016","17937","19182","20374","24473","16661","15579","18755","15613","11218","7695","7229","12051","9470","14287","19372","30179","31181","22263","19653","36125","15772","18057","23219","19684","18893","17651","9179","11820","12566","#N/A","#N/A","#N/A","#N/A","#N/A","#N/A","#N/A","#N/A","#N/A","#N/A","#N/A","#N/A","#N/A","#N/A"
"","Fuel Oil","RFACB","Billion Btu","http://www.eia.gov/state/seds/seds-states.cfm?q_state_a=HI&q_state=Hawaii#undefined ","","6087","8496","5989","6474","7705","7512","8675","9586","14441","15045","10963","11262","8072","8651","4874","6370","7191","9288","9933","7847","9060","7738","6665","9182","8297","9591","9786","6801","10274","13931","16703","16309","23616","16683","18457","16832","4413","3077","2410","10739","13995","16709","9035","5745","9388","7049","14933","28069","6146","7633","6756","6300","5699","5530","5330","4394","5091","#N/A","#N/A","#N/A","#N/A","#N/A","#N/A","#N/A","#N/A","#N/A","#N/A","#N/A","#N/A","#N/A","#N/A"
"","LPG","LGACB","Billion Btu","http://www.eia.gov/state/seds/seds-states.cfm?q_state_a=HI&q_state=Hawaii#undefined ","","#N/A","#N/A","#N/A","#N/A","#N/A","#N/A","#N/A","#N/A","#N/A","#N/A","#N/A","#N/A","#N/A","#N/A","#N/A","#N/A","#N/A","#N/A","#N/A","#N/A","#N/A","#N/A","#N/A","#N/A","#N/A","#N/A","#N/A","#N/A","#N/A","#N/A","#N/A","#N/A","#N/A","#N/A","#N/A","#N/A","#N/A","#N/A","#N/A","#N/A","#N/A","#N/A","#N/A","#N/A","#N/A","#N/A","#N/A","#N/A","#N/A","#N/A","#N/A","#N/A","#N/A","#N/A","#N/A","#N/A","#N/A","#N/A","#N/A","#N/A","#N/A","#N/A","#N/A","#N/A","#N/A","#N/A","#N/A","#N/A","#N/A","#N/A","#N/A"
"","SNG","NGACB","Billion Btu","http://www.eia.gov/state/seds/seds-states.cfm?q_state_a=HI&q_state=Hawaii#undefined ","","0","0","0","0","0","0","0","0","0","0","0","0","0","0","0","0","0","0","0","0","0","0","0","0","0","0","0","0","0","0","0","0","0","0","0","0","0","0","0","0","0","0","0","0","2","3","2","3","2","2","2","2","3","11","1","2","2","#N/A","#N/A","#N/A","#N/A","#N/A","#N/A","#N/A","#N/A","#N/A","#N/A","#N/A","#N/A","#N/A","#N/A"
"","Biodiesel","-","-","http://www.eia.gov/state/seds/seds-states.cfm?q_state_a=HI&q_state=Hawaii#undefined ","","0","0","0","0","0","0","0","0","0","0","0","0","0","0","0","0","0","0","0","0","0","0","0","0","0","0","0","0","0","0","0","0","0","0","0","0","0","0","0","0","0","0","0","0","0","0","0","0","0","0","0","0","0","0","0","0","0","0","0","0","0","0","0","0","0","0","0","0","0","0","0"
"","Ethanol","EMACB","Billion Btu","http://www.eia.gov/state/seds/seds-states.cfm?q_state_a=HI&q_state=Hawaii#undefined ","","0","0","0","0","0","0","0","0","0","0","0","0","0","0","0","0","0","0","0","0","0","13","3","0","0","0","0","0","0","0","0","0","0","0","0","0","0","0","0","0","0","0","0","0","0","1176","1343","1699","3146","3604","2745","3190","2895","2990","3253","3769","3788","#N/A","#N/A","#N/A","#N/A","#N/A","#N/A","#N/A","#N/A","#N/A","#N/A","#N/A","#N/A","#N/A","#N/A"
"","","","","","","","","","","","","","","","","","","","","","","","","","","","","","","","","","","","","","","","","","","","","","","","","","","","","","","","","","","","","","","","","","","","","","","","","","","","",""
"Air Transportation","","","","","","","","","","","","","","","","","","","","","","","","","","","","","","","","","","","","","","","","","","","","","","","","","","","","","","","","","","","","","","","","","","","","","","","","","","","",""
"","Electricity","-","-","http://www.eia.gov/state/seds/seds-states.cfm?q_state_a=HI&q_state=Hawaii#undefined ","","0","0","0","0","0","0","0","0","0","0","0","0","0","0","0","0","0","0","0","0","0","0","0","0","0","0","0","0","0","0","0","0","0","0","0","0","0","0","0","0","0","0","0","0","0","0","0","0","0","0","0","0","0","0","0","0","0","0","0","0","0","0","0","0","0","0","0","0","0","0","0"
"","Gasoline","-","-","http://www.eia.gov/state/seds/seds-states.cfm?q_state_a=HI&q_state=Hawaii#undefined ","","0","0","0","0","0","0","0","0","0","0","0","0","0","0","0","0","0","0","0","0","0","0","0","0","0","0","0","0","0","0","0","0","0","0","0","0","0","0","0","0","0","0","0","0","0","0","0","0","0","0","0","0","0","0","0","0","0","0","0","0","0","0","0","0","0","0","0","0","0","0","0"
"","Jet Fuel","JFACB","Billion Btu","http://www.eia.gov/state/seds/seds-states.cfm?q_state_a=HI&q_state=Hawaii#undefined ","","23519","26540","26015","33588","37911","42262","52755","67277","77451","78939","80060","91531","91261","92860","83633","83464","79834","83618","83578","85912","79244","56165","41635","62471","72629","74436","56962","64386","67174","74414","71051","62557","56501","50409","53705","56358","57194","57955","56695","53720","53511","50437","57774","72056","75861","92831","86945","72329","60679","52748","55775","62077","64135","64201","73270","76095","74301","#N/A","#N/A","#N/A","#N/A","#N/A","#N/A","#N/A","#N/A","#N/A","#N/A","#N/A","#N/A","#N/A","#N/A"
"","Diesel","-","-","http://www.eia.gov/state/seds/seds-states.cfm?q_state_a=HI&q_state=Hawaii#undefined ","","0","0","0","0","0","0","0","0","0","0","0","0","0","0","0","0","0","0","0","0","0","0","0","0","0","0","0","0","0","0","0","0","0","0","0","0","0","0","0","0","0","0","0","0","0","0","0","0","0","0","0","0","0","0","0","0","0","0","0","0","0","0","0","0","0","0","0","0","0","0","0"
"","Fuel Oil","-","-","http://www.eia.gov/state/seds/seds-states.cfm?q_state_a=HI&q_state=Hawaii#undefined ","","0","0","0","0","0","0","0","0","0","0","0","0","0","0","0","0","0","0","0","0","0","0","0","0","0","0","0","0","0","0","0","0","0","0","0","0","0","0","0","0","0","0","0","0","0","0","0","0","0","0","0","0","0","0","0","0","0","0","0","0","0","0","0","0","0","0","0","0","0","0","0"
"","LPG","-","-","http://www.eia.gov/state/seds/seds-states.cfm?q_state_a=HI&q_state=Hawaii#undefined ","","0","0","0","0","0","0","0","0","0","0","0","0","0","0","0","0","0","0","0","0","0","0","0","0","0","0","0","0","0","0","0","0","0","0","0","0","0","0","0","0","0","0","0","0","0","0","0","0","0","0","0","0","0","0","0","0","0","0","0","0","0","0","0","0","0","0","0","0","0","0","0"
"","SNG","-","-","http://www.eia.gov/state/seds/seds-states.cfm?q_state_a=HI&q_state=Hawaii#undefined ","","0","0","0","0","0","0","0","0","0","0","0","0","0","0","0","0","0","0","0","0","0","0","0","0","0","0","0","0","0","0","0","0","0","0","0","0","0","0","0","0","0","0","0","0","0","0","0","0","0","0","0","0","0","0","0","0","0","0","0","0","0","0","0","0","0","0","0","0","0","0","0"
"","Biodiesel","-","-","http://www.eia.gov/state/seds/seds-states.cfm?q_state_a=HI&q_state=Hawaii#undefined ","","0","0","0","0","0","0","0","0","0","0","0","0","0","0","0","0","0","0","0","0","0","0","0","0","0","0","0","0","0","0","0","0","0","0","0","0","0","0","0","0","0","0","0","0","0","0","0","0","0","0","0","0","0","0","0","0","0","0","0","0","0","0","0","0","0","0","0","0","0","0","0"
"","Ethanol","-","-","http://www.eia.gov/state/seds/seds-states.cfm?q_state_a=HI&q_state=Hawaii#undefined ","","0","0","0","0","0","0","0","0","0","0","0","0","0","0","0","0","0","0","0","0","0","0","0","0","0","0","0","0","0","0","0","0","0","0","0","0","0","0","0","0","0","0","0","0","0","0","0","0","0","0","0","0","0","0","0","0","0","0","0","0","0","0","0","0","0","0","0","0","0","0","0"
"","","","","","","","","","","","","","","","","","","","","","","","","","","","","","","","","","","","","","","","","","","","","","","","","","","","","","","","","","","","","","","","","","","","","","","","","","","","",""
"Power","","NOTE: Power Sector is Excluded since pricing will be incorporated in electricity rates","","","","","","","","","","","","","","","","","","","","","","","","","","","","","","","","","","","","","","","","","","","","","","","","","","","","","","","","","","","","","","","","","","","","","","","","","",""
"","Electricity","","","","","","","","","","","","","","","","","","","","","","","","","","","","","","","","","","","","","","","","","","","","","","","","","","","","","","","","","","","","","","","","","","","","","","","","","","",""
"","Gasoline","","","","","","","","","","","","","","","","","","","","","","","","","","","","","","","","","","","","","","","","","","","","","","","","","","","","","","","","","","","","","","","","","","","","","","","","","","",""
"","Jet Fuel","","","","","","","","","","","","","","","","","","","","","","","","","","","","","","","","","","","","","","","","","","","","","","","","","","","","","","","","","","","","","","","","","","","","","","","","","","",""
"","Diesel","","","","","","","","","","","","","","","","","","","","","","","","","","","","","","","","","","","","","","","","","","","","","","","","","","","","","","","","","","","","","","","","","","","","","","","","","","",""
"","Fuel Oil","","","","","","","","","","","","","","","","","","","","","","","","","","","","","","","","","","","","","","","","","","","","","","","","","","","","","","","","","","","","","","","","","","","","","","","","","","",""
"","LPG","","","","","","","","","","","","","","","","","","","","","","","","","","","","","","","","","","","","","","","","","","","","","","","","","","","","","","","","","","","","","","","","","","","","","","","","","","",""
"","SNG","","","","","","","","","","","","","","","","","","","","","","","","","","","","","","","","","","","","","","","","","","","","","","","","","","","","","","","","","","","","","","","","","","","","","","","","","","",""
"","Biodiesel","","","","","","","","","","","","","","","","","","","","","","","","","","","","","","","","","","","","","","","","","","","","","","","","","","","","","","","","","","","","","","","","","","","","","","","","","","",""
"","Ethanol","","","","","","","","","","","","","","","","","","","","","","","","","","","","","","","","","","","","","","","","","","","","","","","","","","","","","","","","","","","","","","","","","","","","","","","","","","",""
"","","","","","","","","","","","","","","","","","","","","","","","","","","","","","","","","","","","","","","","","","","","","","","","","","","","","","","","","","","","","","","","","","","","","","","","","","","","",""
"All Sectors","","","","","","","","","","","","","","","","","","","","","","","","","","","","","","","","","","","","","","","","","","","","","","","","","","","","","","","","","","","","","","","","","","","","","","","","","","","",""
"","Electricity","ESTCB","Billion Btu","http://www.eia.gov/state/seds/seds-states.cfm?q_state_a=HI&q_state=Hawaii#undefined ","","4384","5302","6210","7095","7799","8368","9013","9281","10687","11757","12884","14287","15650","16695","17552","18117","19066","19771","20329","21151","21601","22675","22169","22454","22536","22637","23994","24901","26337","27195","28356","29084","29571","29541","30532","31348","32001","31947","31599","32008","33064","33385","33750","35454","36616","35959","35337","35372","34722","33866","33516","33311","32202","32339","32238","32248","32033","#N/A","#N/A","#N/A","#N/A","#N/A","#N/A","#N/A","#N/A","#N/A","#N/A","#N/A","#N/A","#N/A","#N/A"
"","Gasoline","MGTCB","Billion Btu","http://www.eia.gov/state/seds/seds-states.cfm?q_state_a=HI&q_state=Hawaii#undefined ","","18011","18628","19476","19733","20281","21444","22556","23774","25647","27189","29892","30844","32578","34713","34373","35542","36926","38905","40129","39428","37985","37744","38144","38031","39546","39890","41381","42998","44525","45985","45543","47120","46593","47399","48875","49132","48911","48800","48720","46672","48435","50626","54292","55134","55863","57064","59865","58497","54721","55263","50743","56482","53598","54394","54804","55929","56763","#N/A","#N/A","#N/A","#N/A","#N/A","#N/A","#N/A","#N/A","#N/A","#N/A","#N/A","#N/A","#N/A","#N/A"
"","Jet Fuel","JFTCB","Billion Btu","http://www.eia.gov/state/seds/seds-states.cfm?q_state_a=HI&q_state=Hawaii#undefined ","","23519","26540","26015","33588","37911","42262","52755","67277","77451","78939","80060","91531","91261","92860","83633","83464","79834","83618","83578","85912","79244","56165","41635","62471","72629","74436","56962","64386","67174","74414","71051","62557","56501","50409","53705","56358","57194","57955","56695","53720","53511","50437","57774","72056","75861","92831","86945","72329","60679","52748","55775","62077","64135","64201","73270","76095","74301","#N/A","#N/A","#N/A","#N/A","#N/A","#N/A","#N/A","#N/A","#N/A","#N/A","#N/A","#N/A","#N/A","#N/A"
"","Diesel","DFTXB","Billion Btu","http://www.eia.gov/state/seds/seds-states.cfm?q_state_a=HI&q_state=Hawaii#undefined ","","4943","9449","9271","7621","9917","9036","7643","6635","7824","8831","9315","9365","8790","9269","9314","8849","11009","13489","16260","33623","29705","30532","22953","9778","11119","21983","22157","15236","25383","25132","27234","32041","23566","21899","24173","20813","15288","13604","11856","16052","13494","17832","23852","34381","35769","27479","24565","40352","19058","21966","26609","23358","22577","20947","13271","14916","14343","#N/A","#N/A","#N/A","#N/A","#N/A","#N/A","#N/A","#N/A","#N/A","#N/A","#N/A","#N/A","#N/A","#N/A"
"","Fuel Oil","RFTXB","Billion Btu","http://www.eia.gov/state/seds/seds-states.cfm?q_state_a=HI&q_state=Hawaii#undefined ","","12868","18318","16632","16738","17730","18470","20054","24800","27250","25523","21705","20515","19169","19082","15023","14928","15287","18258","16906","13630","18591","17679","20759","12063","15561","18170","22478","15513","32469","32066","32833","27699","38756","23537","28623","23665","10509","8456","15040","12866","16799","16793","11840","8031","11896","11979","15782","28072","6449","7633","6756","6480","5856","6052","5330","4466","6480","#N/A","#N/A","#N/A","#N/A","#N/A","#N/A","#N/A","#N/A","#N/A","#N/A","#N/A","#N/A","#N/A","#N/A"
"","LPG","LGTCB","Billion Btu","http://www.eia.gov/state/seds/seds-states.cfm?q_state_a=HI&q_state=Hawaii#undefined ","","#N/A","#N/A","#N/A","#N/A","#N/A","#N/A","#N/A","#N/A","#N/A","#N/A","#N/A","#N/A","#N/A","#N/A","#N/A","#N/A","#N/A","#N/A","#N/A","#N/A","#N/A","#N/A","#N/A","#N/A","#N/A","#N/A","#N/A","#N/A","#N/A","#N/A","#N/A","#N/A","#N/A","#N/A","#N/A","#N/A","#N/A","#N/A","#N/A","#N/A","#N/A","#N/A","#N/A","#N/A","#N/A","#N/A","#N/A","#N/A","#N/A","#N/A","#N/A","#N/A","#N/A","#N/A","#N/A","#N/A","#N/A","#N/A","#N/A","#N/A","#N/A","#N/A","#N/A","#N/A","#N/A","#N/A","#N/A","#N/A","#N/A","#N/A","#N/A"
"","SNG","NGTXB","Billion Btu","http://www.eia.gov/state/seds/seds-states.cfm?q_state_a=HI&q_state=Hawaii#undefined ","","0","0","0","0","0","0","0","0","0","0","0","0","0","0","0","0","0","0","0","0","3015","2780","2773","2730","2438","2687","2674","2787","2816","2909","2983","2909","2892","2847","2920","2906","2825","2689","2803","2886","2975","2920","2898","2861","2907","2898","2863","2897","2761","2668","2683","2689","2760","2870","2797","2872","2983","#N/A","#N/A","#N/A","#N/A","#N/A","#N/A","#N/A","#N/A","#N/A","#N/A","#N/A","#N/A","#N/A","#N/A"
"","Biodiesel","Biofuels are calculated off of monthly data from DBEDT, making this section irrelevant","","","","0","0","0","0","0","0","0","0","0","0","0","0","0","0","0","0","0","0","0","0","0","0","0","0","0","0","0","0","0","0","0","0","0","0","0","0","0","0","0","0","0","0","0","0","0","0","0","0","0","0","0","0","0","0","0","0","0","0","0","0","0","0","0","0","0","0","0","0","0","0","0"
"","Ethanol","EMTCB","","http://www.eia.gov/state/seds/seds-states.cfm?q_state_a=HI&q_state=Hawaii#undefined ","","0","0","0","0","0","0","0","0","0","0","0","0","0","0","0","0","0","0","0","0","0","14","3","0","0","0","0","0","0","0","0","0","0","0","0","0","0","0","0","0","0","0","0","0","0","1192","1361","1738","3225","3687","2788","3237","2937","3033","3309","3982","4000","#N/A","#N/A","#N/A","#N/A","#N/A","#N/A","#N/A","#N/A","#N/A","#N/A","#N/A","#N/A","#N/A","#N/A"
"","","","","","","","","","","","","","","","","","","","","","","","","","","","","","","","","","","","","","","","","","","","","","","","","","","","","","","","","","","","","","","","","","","","","","","","","","","","",""
"","","","","","","","","","","","","","","","","","","","","","","","","","","","","","","","","","","","","","","","","","","","","","","","","","","","","","","","","","","","","","","","","","","","","","","","","","","","",""
"","","","","","","","","","","","","","","","","","","","","","","","","","","","","","","","","","","","","","","","","","","","","","","","","","","","","","","","","","","","","","","","","","","","","","","","","","","","",""
"Variable PPV(s,y): Portfolio Price Volatility by sector and year","","","","","","","","","","","","","","","","","","","","","","","","","","","","","","","","","","","","","","","","","","","","","","","","","","","","","","","","","","","","","","","","","","","","","","","","","","","",""
"","","","","","","","","","","","","","","","","","","","","","","","","","","","","","","","","","","","","","","","","","","","","","","","","","","","","","","","","","","","","","","","","","","","","","","","","","","","",""
"Residential","","","","","","","","","","","","","","","","","","","","","","","","","","","","","","","","","","","","","","","","","","","","","","","","","","","","","","","","","","","","","","","","","","","","","","","","","","","",""
"","Total","","$","","","0.0","0.0","0.0","0.0","0.0","0.0","0.0","0.0","0.0","0.0","0.0","0.0","0.0","0.0","0.0","0.0","0.0","0.0","0.0","0.0","0.0","0.0","0.0","0.0","0.0","0.0","0.0","0.0","0.0","0.0","0.0","0.0","0.0","0.0","0.0","0.0","0.0","0.0","0.0","0.0","0.0","0.0","0.0","0.0","0.0","0.0","#N/A","#N/A","#N/A","#N/A","#N/A","#N/A","#N/A","#N/A","#N/A","#N/A","#N/A","#N/A","#N/A","#N/A","#N/A","#N/A","#N/A","#N/A","#N/A","#N/A","#N/A","#N/A","#N/A","#N/A","#N/A"
"Commercial","","","","","","","","","","","","","","","","","","","","","","","","","","","","","","","","","","","","","","","","","","","","","","","","","","","","","","","","","","","","","","","","","","","","","","","","","","","",""
"","","","$","","","0.0","0.0","0.0","0.0","0.0","0.0","0.0","0.0","0.0","0.0","0.0","0.0","0.0","0.0","0.0","0.0","0.0","0.0","0.0","0.0","0.0","0.0","0.0","0.0","0.0","0.0","0.0","0.0","0.0","0.0","0.0","0.0","0.0","0.0","0.0","0.0","0.0","0.0","0.0","0.0","0.0","0.0","0.0","0.0","0.0","0.0","#N/A","#N/A","#N/A","#N/A","#N/A","#N/A","#N/A","#N/A","#N/A","#N/A","#N/A","#N/A","#N/A","#N/A","#N/A","#N/A","#N/A","#N/A","#N/A","#N/A","#N/A","#N/A","#N/A","#N/A","#N/A"
"Industrial","","","","","","","","","","","","","","","","","","","","","","","","","","","","","","","","","","","","","","","","","","","","","","","","","","","","","","","","","","","","","","","","","","","","","","","","","","","",""
"","","","$","","","0.0","0.0","0.0","0.0","0.0","0.0","0.0","0.0","0.0","0.0","0.0","0.0","0.0","0.0","0.0","0.0","0.0","0.0","0.0","0.0","0.0","0.0","0.0","0.0","0.0","0.0","0.0","0.0","0.0","0.0","0.0","0.0","0.0","0.0","0.0","0.0","0.0","0.0","0.0","0.0","0.0","0.0","0.0","0.0","0.0","0.0","#N/A","#N/A","#N/A","#N/A","#N/A","#N/A","#N/A","#N/A","#N/A","#N/A","#N/A","#N/A","#N/A","#N/A","#N/A","#N/A","#N/A","#N/A","#N/A","#N/A","#N/A","#N/A","#N/A","#N/A","#N/A"
"Ground and Water Transportation","","","","","","","","","","","","","","","","","","","","","","","","","","","","","","","","","","","","","","","","","","","","","","","","","","","","","","","","","","","","","","","","","","","","","","","","","","","",""
"","","","$","","","0.0","0.0","0.0","0.0","0.0","0.0","0.0","0.0","0.0","0.0","0.0","0.0","0.0","0.0","0.0","0.0","0.0","0.0","0.0","0.0","0.0","0.0","0.0","0.0","0.0","0.0","0.0","0.0","0.0","0.0","0.0","0.0","0.0","0.0","0.0","0.0","0.0","0.0","0.0","0.0","0.0","0.0","0.0","0.0","0.0","0.0","#N/A","#N/A","#N/A","#N/A","#N/A","#N/A","#N/A","#N/A","#N/A","#N/A","#N/A","#N/A","#N/A","#N/A","#N/A","#N/A","#N/A","#N/A","#N/A","#N/A","#N/A","#N/A","#N/A","#N/A","#N/A"
"Air Transportation","","","","","","","","","","","","","","","","","","","","","","","","","","","","","","","","","","","","","","","","","","","","","","","","","","","","","","","","","","","","","","","","","","","","","","","","","","","",""
"","","","$","","","0.0","0.0","0.0","0.0","0.0","0.0","0.0","0.0","0.0","0.0","0.0","0.0","0.0","0.0","0.0","0.0","0.0","0.0","0.0","0.0","0.0","0.0","0.0","0.0","0.0","0.0","0.0","0.0","0.0","0.0","0.0","0.0","0.0","0.0","0.0","0.0","0.0","0.0","0.0","0.0","0.0","0.0","0.0","0.0","0.0","0.0","#DIV/0!","#DIV/0!","#DIV/0!","#DIV/0!","#DIV/0!","#DIV/0!","#DIV/0!","#DIV/0!","#DIV/0!","#DIV/0!","#DIV/0!","#N/A","#N/A","#N/A","#N/A","#N/A","#N/A","#N/A","#N/A","#N/A","#N/A","#N/A","#N/A","#N/A","#N/A"
"Power","","","","","","","","","","","","","","","","","","","","","","","","","","","","","","","","","","","","","","","","","","","","","","","","","","","","","","","","","","","","","","","","","","","","","","","","","","","",""
"","","","$","","","0.0","0.0","0.0","0.0","0.0","0.0","0.0","0.0","0.0","0.0","0.0","0.0","0.0","0.0","0.0","0.0","0.0","0.0","0.0","0.0","0.0","0.0","0.0","0.0","0.0","0.0","0.0","0.0","0.0","0.0","0.0","0.0","0.0","0.0","0.0","0.0","0.0","0.0","0.0","0.0","0.0","0.0","0.0","0.0","0.0","0.0","0.0","0.0","0.0","0.0","0.0","0.0","0.0","0.0","0.0","0.0","0.0","0.0","0.0","0.0","0.0","0.0","0.0","0.0","0.0","0.0","0.0","0.0","0.0","0.0","0.0"
"All Sectors","","","","","","","","","","","","","","","","","","","","","","","","","","","","","","","","","","","","","","","","","","","","","","","","","","","","","","","","","","","","","","","","","","","","","","","","","","","",""
"","Electricity","","$","","","553143361","704371600","676780225","1128153744","1437243921","1786076644","2783090025","4526194729","5998657401","6231365721","6409603600","8377923961","8328570121","8622979600","6994478689","6966239296","6373467556","6991969924","6985282084","7380871744","6279611536","3153047104","1733223424","3902625841","5274971641","5540718096","3244669444","4145556996","4512346276","5537443396","5048244601","3913378249","3192363001","2541067281","2884227025","3176224164","3271153636","3358782025","3214323025","2885838400","2863427121","2543890969","3337835076","5192067136","5754891321","8400639025","#N/A","#N/A","#N/A","#N/A","#N/A","#N/A","#N/A","#N/A","#N/A","#N/A","#N/A","#N/A","#N/A","#N/A","#N/A","#N/A","#N/A","#N/A","#N/A","#N/A","#N/A","#N/A","#N/A","#N/A","#N/A"
"","Gasoline","","$","","","24433249","89283601","85951441","58079641","98346889","81649296","58415449","44023225","61214976","77986561","86769225","87703225","77264100","85914361","86750596","78304801","121198081","181953121","264387600","1130506129","882387025","932203024","526840209","95609284","123632161","483252289","490932649","232135696","644296689","631617424","741690756","1026625681","555356356","479566201","584333929","433180969","233722944","185068816","140564736","257666704","182088036","317980224","568917904","1182053161","1279421361","755095441","#N/A","#N/A","#N/A","#N/A","#N/A","#N/A","#N/A","#N/A","#N/A","#N/A","#N/A","#N/A","#N/A","#N/A","#N/A","#N/A","#N/A","#N/A","#N/A","#N/A","#N/A","#N/A","#N/A","#N/A","#N/A"
"","Jet Fuel","","$","","","165585424","335549124","276623424","280160644","314352900","341140900","402162916","615040000","742562500","651423529","471107025","420865225","367450561","364122724","225690529","222845184","233692369","333354564","285812836","185776900","345625281","312547041","430936081","145515969","242144721","330148900","505260484","240653169","1054235961","1028228356","1078005889","767234601","1502027536","553990369","819276129","560032225","110439081","71503936","226201600","165533956","282206401","282004849","140185600","64496961","141514816","143496441","#N/A","#N/A","#N/A","#N/A","#N/A","#N/A","#N/A","#N/A","#N/A","#N/A","#N/A","#N/A","#N/A","#N/A","#N/A","#N/A","#N/A","#N/A","#N/A","#N/A","#N/A","#N/A","#N/A","#N/A","#N/A"
"","Diesel","","$","","","#N/A","#N/A","#N/A","#N/A","#N/A","#N/A","#N/A","#N/A","#N/A","#N/A","#N/A","#N/A","#N/A","#N/A","#N/A","#N/A","#N/A","#N/A","#N/A","#N/A","#N/A","#N/A","#N/A","#N/A","#N/A","#N/A","#N/A","#N/A","#N/A","#N/A","#N/A","#N/A","#N/A","#N/A","#N/A","#N/A","#N/A","#N/A","#N/A","#N/A","#N/A","#N/A","#N/A","#N/A","#N/A","#N/A","#N/A","#N/A","#N/A","#N/A","#N/A","#N/A","#N/A","#N/A","#N/A","#N/A","#N/A","#N/A","#N/A","#N/A","#N/A","#N/A","#N/A","#N/A","#N/A","#N/A","#N/A","#N/A","#N/A","#N/A","#N/A"
"","Fuel Oil","","$","","","0","0","0","0","0","0","0","0","0","0","0","0","0","0","0","0","0","0","0","0","9090225","7728400","7689529","7452900","5943844","7219969","7150276","7767369","7929856","8462281","8898289","8462281","8363664","8105409","8526400","8444836","7980625","7230721","7856809","8328996","8850625","8526400","8398404","8185321","8450649","8398404","#N/A","#N/A","#N/A","#N/A","#N/A","#N/A","#N/A","#N/A","#N/A","#N/A","#N/A","#N/A","#N/A","#N/A","#N/A","#N/A","#N/A","#N/A","#N/A","#N/A","#N/A","#N/A","#N/A","#N/A","#N/A"
"","LPG","","$","","","553143361","704371600","676780225","1128153744","1437243921","1786076644","2783090025","4526194729","5998657401","6231365721","6409603600","8377923961","8328570121","8622979600","6994478689","6966239296","6373467556","6991969924","6985282084","7380871744","6279611536","3154507225","1733473225","3902625841","5274971641","5540718096","3244669444","4145556996","4512346276","5537443396","5048244601","3913378249","3192363001","2541067281","2884227025","3176224164","3271153636","3358782025","3214323025","2885838400","2863427121","2543890969","3337835076","5192067136","5754891321","8617594561","#N/A","#N/A","#N/A","#N/A","#N/A","#N/A","#N/A","#N/A","#N/A","#N/A","#N/A","#N/A","#N/A","#N/A","#N/A","#N/A","#N/A","#N/A","#N/A","#N/A","#N/A","#N/A","#N/A","#N/A","#N/A"
"","SNG","","$","","","0","0","0","0","0","0","0","0","0","0","0","0","0","0","0","0","0","0","0","0","0","196","9","0","0","0","0","0","0","0","0","0","0","0","0","0","0","0","0","0","0","0","0","0","0","1420864","#N/A","#N/A","#N/A","#N/A","#N/A","#N/A","#N/A","#N/A","#N/A","#N/A","#N/A","#N/A","#N/A","#N/A","#N/A","#N/A","#N/A","#N/A","#N/A","#N/A","#N/A","#N/A","#N/A","#N/A","#N/A"
"","Biodiesel","","$","","","0","0","0","0","0","0","0","0","0","0","0","0","0","0","0","0","0","0","0","0","0","0","0","0","0","0","0","0","0","0","0","0","0","0","0","0","0","0","0","0","0","0","0","0","0","0","#N/A","#N/A","#N/A","#N/A","#N/A","#N/A","#N/A","#N/A","#N/A","#N/A","#N/A","#N/A","#N/A","#N/A","#N/A","#N/A","#N/A","#N/A","#N/A","#N/A","#N/A","#N/A","#N/A","#N/A","#N/A"
"","Ethanol","","$","","","0","0","0","0","0","0","0","0","0","0","0","0","0","0","0","0","0","0","0","0","0","0","0","0","0","0","0","0","0","0","0","0","0","0","0","0","0","0","0","0","0","0","0","0","0","0","#N/A","#N/A","#N/A","#N/A","#N/A","#N/A","#N/A","#N/A","#N/A","#N/A","#N/A","#N/A","#N/A","#N/A","#N/A","#N/A","#N/A","#N/A","#N/A","#N/A","#N/A","#N/A","#N/A","#N/A","#N/A"
"","Total","","$","","","0.0","0.0","0.0","0.0","0.0","0.0","0.0","0.0","0.0","0.0","0.0","0.0","0.0","0.0","0.0","0.0","0.0","0.0","0.0","0.0","0.0","0.0","0.0","0.0","0.0","0.0","0.0","0.0","0.0","0.0","0.0","0.0","0.0","0.0","0.0","0.0","0.0","0.0","0.0","0.0","0.0","0.0","0.0","0.0","0.0","0.0","#N/A","#N/A","#N/A","#N/A","#N/A","#N/A","#N/A","#N/A","#N/A","#N/A","#N/A","#N/A","#N/A","#N/A","#N/A","#N/A","#N/A","#N/A","#N/A","#N/A","#N/A","#N/A","#N/A","#N/A","#N/A"
"","","","","","","","","","","","","","","","","","","","","","","","","","","","","","","","","","","","","","","","","","","","","","","","","","","","","","","","","","","","","","","","","","","","","","","","","","","","",""
"Variable VAEP(s,y): Volatility as percent of average energy portfolio price","","","","","","","","","","","","","","","","","","","","","","","","","","","","","","","","","","","","","","","","","","","","","","","","","","","","","","","","","","","","","","","","","","","","","","","","","","","",""
"","","","","","","","","","","","","","","","","","","","","","","","","","","","","","","","","","","","","","","","","","","","","","","","","","","","","","","","","","","","","","","","","","","","","","","","","","","","",""
"Residential","","","","","","","","","","","","","","","","","","","","","","","","","","","","","","","","","","","","","","","","","","","","","","","","","","","","","","","","","","","","","","","","","","","","","","","","","","","",""
"","Total","","$","","","#N/A","#N/A","#N/A","#N/A","#N/A","#N/A","#N/A","#N/A","#N/A","#N/A","#N/A","#N/A","#N/A","#N/A","#N/A","#N/A","#N/A","#N/A","#N/A","#N/A","#N/A","#N/A","#N/A","#N/A","#N/A","#N/A","#N/A","#N/A","#N/A","#N/A","#N/A","#N/A","#N/A","#N/A","#N/A","#N/A","#N/A","#N/A","#N/A","#N/A","#N/A","#N/A","#N/A","#N/A","#N/A","#N/A","#N/A","#N/A","#N/A","#N/A","#N/A","#N/A","#N/A","#N/A","#N/A","#N/A","#N/A","#N/A","#N/A","#N/A","#N/A","#N/A","#N/A","#N/A","#N/A","#N/A","#N/A","#N/A","#N/A","#N/A","#N/A"
"Commercial","","","","","","","","","","","","","","","","","","","","","","","","","","","","","","","","","","","","","","","","","","","","","","","","","","","","","","","","","","","","","","","","","","","","","","","","","","","",""
"","","","$","","","#N/A","#N/A","#N/A","#N/A","#N/A","#N/A","#N/A","#N/A","#N/A","#N/A","#N/A","#N/A","#N/A","#N/A","#N/A","#N/A","#N/A","#N/A","#N/A","#N/A","#N/A","#N/A","#N/A","#N/A","#N/A","#N/A","#N/A","#N/A","#N/A","#N/A","#N/A","#N/A","#N/A","#N/A","#N/A","#N/A","#N/A","#N/A","#N/A","#N/A","#N/A","#N/A","#N/A","#N/A","#N/A","#N/A","#N/A","#N/A","#N/A","#N/A","#N/A","#N/A","#N/A","#N/A","#N/A","#N/A","#N/A","#N/A","#N/A","#N/A","#N/A","#N/A","#N/A","#N/A","#N/A","#N/A","#N/A","#N/A","#N/A","#N/A","#N/A"
"Industrial (Excl. Refineries)","","","","","","","","","","","","","","","","","","","","","","","","","","","","","","","","","","","","","","","","","","","","","","","","","","","","","","","","","","","","","","","","","","","","","","","","","","","",""
"","","","$","","","0.0","0.0","0.0","0.0","0.0","0.0","0.0","0.0","0.0","0.0","0.0","0.0","0.0","0.0","0.0","0.0","0.0","0.0","0.0","0.0","0.0","0.0","0.0","0.0","0.0","0.0","0.0","0.0","0.0","0.0","0.0","0.0","0.0","0.0","0.0","0.0","0.0","0.0","0.0","0.0","0.0","0.0","0.0","0.0","0.0","0.0","#N/A","#N/A","#N/A","#N/A","#N/A","#N/A","#N/A","#N/A","#N/A","#N/A","#N/A","#N/A","#N/A","#N/A","#N/A","#N/A","#N/A","#N/A","#N/A","#N/A","#N/A","#N/A","#N/A","#N/A","#N/A"
"Ground and Water Transportation","","","","","","","","","","","","","","","","","","","","","","","","","","","","","","","","","","","","","","","","","","","","","","","","","","","","","","","","","","","","","","","","","","","","","","","","","","","",""
"","","","$","","","#N/A","#N/A","#N/A","#N/A","#N/A","#N/A","#N/A","#N/A","#N/A","#N/A","#N/A","#N/A","#N/A","#N/A","#N/A","#N/A","#N/A","#N/A","#N/A","#N/A","#N/A","#N/A","#N/A","#N/A","#N/A","#N/A","#N/A","#N/A","#N/A","#N/A","#N/A","#N/A","#N/A","#N/A","#N/A","#N/A","#N/A","#N/A","#N/A","#N/A","#N/A","#N/A","#N/A","#N/A","#N/A","#N/A","#N/A","#N/A","#N/A","#N/A","#N/A","#N/A","#N/A","#N/A","#N/A","#N/A","#N/A","#N/A","#N/A","#N/A","#N/A","#N/A","#N/A","#N/A","#N/A","#N/A","#N/A","#N/A","#N/A","#N/A","#N/A"
"Air Transportation","","","","","","","","","","","","","","","","","","","","","","","","","","","","","","","","","","","","","","","","","","","","","","","","","","","","","","","","","","","","","","","","","","","","","","","","","","","",""
"","","","$","","","#N/A","#N/A","#N/A","#N/A","#N/A","#N/A","#N/A","#N/A","#N/A","#N/A","#N/A","#N/A","#N/A","#N/A","#N/A","#N/A","#N/A","#N/A","#N/A","#N/A","#N/A","#N/A","#N/A","#N/A","#N/A","#N/A","#N/A","#N/A","#N/A","#N/A","#N/A","#N/A","#N/A","#N/A","#N/A","#N/A","#N/A","#N/A","#N/A","#N/A","#N/A","#N/A","#N/A","#N/A","#N/A","#N/A","#DIV/0!","#DIV/0!","#DIV/0!","#DIV/0!","#DIV/0!","#DIV/0!","#DIV/0!","#DIV/0!","#DIV/0!","#DIV/0!","#DIV/0!","#N/A","#N/A","#N/A","#N/A","#N/A","#N/A","#N/A","#N/A","#N/A","#N/A","#N/A","#N/A","#N/A","#N/A"
"Power","","","","","","","","","","","","","","","","","","","","","","","","","","","","","","","","","","","","","","","","","","","","","","","","","","","","","","","","","","","","","","","","","","","","","","","","","","","",""
"","","","$","","","","","","","","","","","","","","","","","","","","","","","","","","","","","","","","","","","","","","","","","","","","","","","","","","","","","","","","","","","","","","","","","","","","","","","","",""
"All Sectors","","","","","","","","","","","","","","","","","","","","","","","","","","","","","","","","","","","","","","","","","","","","","","","","","","","","","","","","","","","","","","","","","","","","","","","","","","","",""
"","","","$","","","#N/A","#N/A","#N/A","#N/A","#N/A","#N/A","#N/A","#N/A","#N/A","#N/A","#N/A","#N/A","#N/A","#N/A","#N/A","#N/A","#N/A","#N/A","#N/A","#N/A","#N/A","#N/A","#N/A","#N/A","#N/A","#N/A","#N/A","#N/A","#N/A","#N/A","#N/A","#N/A","#N/A","#N/A","#N/A","#N/A","#N/A","#N/A","#N/A","#N/A","#N/A","#N/A","#N/A","#N/A","#N/A","#N/A","#N/A","#N/A","#N/A","#N/A","#N/A","#N/A","#N/A","#N/A","#N/A","#N/A","#N/A","#N/A","#N/A","#N/A","#N/A","#N/A","#N/A","#N/A","#N/A","#N/A","#N/A","#N/A","#N/A","#N/A","#N/A"