"Metric 11: Percentage attainment of the Energy Efficiency Portfolio Standard (EEPS)","","","","","","","","","","","","","","","","","","","","","","","","","","","","","","","","","","","","",""
"http://puc.hawaii.gov/reports/puc-annual-reports ","","","","","","Red indicates data not yet found","","","","","","","","","","","","","30","","","","","","","","","","","","","","","","","",""
"http://www.eia.gov/electricity/data/state/annual_generation_state.xls","","","","","","Gray Box indicates data not applicable","","","","","","","","","","","","","30","","","","","","","","","","","","","","","","","",""
"","","","Units","Source","Notes","1999","2000","2001","2002","2003","2004","2005","2006","2007","2008","2009","2010","2011","2012","2013","2014","2015","2016","2017","2018","2019","2020","2021","2022","2023","2024","2025","2026","2027","2028","2029","2030"
"Variable TE(u,y): Total Energy sold by utilitiy 'u' in year 'y'","","","","","","","","","","","","","","","","","","","","","","","","","","","","","","","","","","","","",""
"HECOTotal Renewable","Total Renewable","HECO","MWh","http://puc.hawaii.gov/reports/Report%20to%20Leg.kks.2008-11-12%20puc.pdf
http://www.heco.com/vcmcontent/StaticFiles/pdf/2006_RPS_Report_to_PUC_Filed_wo_Cover_Ltr.pdf
http://www.heco.com/vcmcontent/StaticFiles/pdf/2007_RPs_Report-to-PUC_draft_080530_FINAL.pdf
http://www.heco.com/vcmcontent/StaticFiles/pdf/HECO_RPS_2008_Status_Report.pdf
www.heco.com/vcmcontent/StaticFiles/pdf/2009_rps.pdf
http://www.heco.com/vcmcontent/StaticFiles/pdf/2010_rps.pdf
 http://www.heco.com/vcmcontent/StaticFiles/pdf/2012-05-04_RPS%20Report_2011.pdf  ","","8998000","7212000","7277000","7390000","7522000","7733000","7721000","7701000","7675000","7555962","7377537","7277229","7242311","6975996","6858536","6781665","6754083","6660195","6548697","0","0","0","0","0","0","0","0","0","0","0","0","0"
"HELCOTotal Renewable","Total Renewable","HELCO","MWh","http://puc.hawaii.gov/reports/Report%20to%20Leg.kks.2008-11-12%20puc.pdf
http://www.heco.com/vcmcontent/StaticFiles/pdf/2006_RPS_Report_to_PUC_Filed_wo_Cover_Ltr.pdf
http://www.heco.com/vcmcontent/StaticFiles/pdf/2007_RPs_Report-to-PUC_draft_080530_FINAL.pdf
http://www.heco.com/vcmcontent/StaticFiles/pdf/HECO_RPS_2008_Status_Report.pdf
www.heco.com/vcmcontent/StaticFiles/pdf/2009_rps.pdf
http://www.heco.com/vcmcontent/StaticFiles/pdf/2010_rps.pdf
 http://www.heco.com/vcmcontent/StaticFiles/pdf/2012-05-04_RPS%20Report_2011.pdf  ","","922000","954000","959000","995000","1046000","1083000","1117000","1149000","1163000","1141030","1119881","1109783","1103572","1085171","1076104","1062521","1064785","1067398","1046950","0","0","0","0","0","0","0","0","0","0","0","0","0"
"MECOTotal Renewable","Total Renewable","MECO","MWh","http://puc.hawaii.gov/reports/Report%20to%20Leg.kks.2008-11-12%20puc.pdf
http://www.heco.com/vcmcontent/StaticFiles/pdf/2006_RPS_Report_to_PUC_Filed_wo_Cover_Ltr.pdf
http://www.heco.com/vcmcontent/StaticFiles/pdf/2007_RPs_Report-to-PUC_draft_080530_FINAL.pdf
http://www.heco.com/vcmcontent/StaticFiles/pdf/HECO_RPS_2008_Status_Report.pdf
www.heco.com/vcmcontent/StaticFiles/pdf/2009_rps.pdf
http://www.heco.com/vcmcontent/StaticFiles/pdf/2010_rps.pdf
 http://www.heco.com/vcmcontent/StaticFiles/pdf/2012-05-04_RPS%20Report_2011.pdf  ","","1065000","1106000","1134000","1159000","1207000","1247000","1252000","1266000","1280000","1239228","1192243","1191559","1181026","1144832","1134873","1132056","1137630","1117742","1094786","0","0","0","0","0","0","0","0","0","0","0","0","0"
"KIUCTotal Renewable","Total Renewable","KIUC","MWh","http://puc.hawaii.gov/reports/Report%20to%20Leg.kks.2008-11-12%20puc.pdf
http://dms.puc.hawaii.gov/dms/OpenDocServlet?RT=&document_id=91+3+ICM4+LSDB15+PC_DocketReport59+26+A1001001A12D04B24000E5143818+A12D04B24000E514381+14+1960","","423389","452699","443798","452631","438768","473608","477255","481461","496718","476948","460513","457274","460971","433159","431478","429924","432078","439088","445098","0","0","0","0","0","0","0","0","0","0","0","0","0"
"TotalTotal Renewable","Total Renewable","Total","MWh","","","11408389","9724699","9813798","9996631","10213768","10536608","10567255","10597461","10614718","10413168","10150174","10035845","9987880","9639158","9500991","9406166","9388576","9284423","9135531","0","0","0","0","0","0","0","0","0","0","0","0","0"
"","","","","","","","","","","","","","","","","","","","","","","","","","","","","","","","","","","","","",""
"Variable RE(u,p,y): Renewable electricity sold by utility u in year y ","","","","","","","","","","","","","","","","","","","","","","","","","","","","","","","","","","","","",""
"Total EETotal","","Total EE","MWh","http://puc.hawaii.gov/reports/Report%20to%20Leg.kks.2008-11-12%20puc.pdf
http://dms.puc.hawaii.gov/dms/OpenDocServlet?RT=&document_id=91+3+ICM4+LSDB15+PC_DocketReport59+26+A1001001A12D04B24000E5143818+A12D04B24000E514381+14+1960","","#N/A","#N/A","#N/A","#N/A","7387","26595","530514","600180","736298","867405","938808","1088476","1207501","1394339","1494188","1576123","1657706","33549","34900","#N/A","#N/A","#N/A","#N/A","#N/A","#N/A","#N/A","#N/A","#N/A","#N/A","#N/A","#N/A","#N/A"
"Total Renewable GenerationTotal","","Total Renewable Generation","MWh","","","642000","681000","615000","519000","676156","737938","716032","865135","944509","977599","964817","951418","1189273","1330298","1718567","2004168","2198799","2466023","2525836","0","0","0","0","0","0","0","0","0","0","0","0","0"
"","","","","","","","","","","","","","","","","","","","","","","","","","","","","","","","","","","","","",""
"2030 Goals","","","","","","","","","","","","","","","","","","","","","","","","","","","","","","","","","","","","",""
"","","","","","","","","","","","","","","","","","","","","","","","","","","","","","","","","","","","","",""
"","","Buisness as usual 2030 Electricity Sales (MWh)","14333333.3333","","","","","","","","","","","","","","","","","","","","","","","","","","","","","","","","","",""
"","","Revised 2030 Energy Sales with EE Reduction (MWh)","10033333.3333","","","","","","","","","","","","","","","","","","","","","","","","","","","","","","","","","",""
"","","40% of Revised 2030 Sales to be renewable (MWh)","4013333.33333","","","","","","","","","","","","","","","","","","","","","","","","","","","","","","","","","",""
"","","","","","","","","","","","","","","","","","","","","","","","","","","","","","","","","","","","","",""
"Total Energy Sales as Percent of Revised 2030 Sales","","","","","","","","","","","","","","","","","","","","","","","","","","","","","","","","","","","","",""
"","","","","","","","","","","","","","","","","","","","","","","","","","","","","","","","","","","","","",""
"","","Total Energy Sales","","","","1.13704873754","0.96923910299","0.978119401993","0.996341960133","1.01798352159","1.05016026578","1.05321478405","1.05622534884","1.05794531561","1.03785727575","1.01164524917","1.00025033223","0.995469767442","0.960713421927","0.946942624585","0.937491627907","0.935738471761","0.925357774086","0.910518039867","0.0","0.0","0.0","0.0","0.0","0.0","0.0","0.0","0.0","0.0","0.0","0.0","0.0"
"","","","","","","","","","","","","","","","","","","","","","","","","","","","","","","","","","","","","",""
"Total Energy Savings as Percent of 4,300 GWh","","","","","","","","","","","","","","","","","","","","","","","","","","","","","","","","","","","","",""
"","","Total EE","","","","#N/A","#N/A","#N/A","#N/A","0.00171790697674","0.00618488372093","0.123375348837","0.139576744186","0.171232093023","0.201722093023","0.21832744186","0.253133953488","0.280814186047","0.324264883721","0.347485581395","0.366540232558","0.385513023256","0.00780209302326","0.00811627906977","#N/A","#N/A","#N/A","#N/A","#N/A","#N/A","#N/A","#N/A","#N/A","#N/A","#N/A","#N/A","#N/A"
"","","","","","","","","","","","","","","","","","","","","","","","","","","","","","","","","","","","","",""
"Total Renewable Generation as Percent of Revised 2030 Sales","","","","","","","","","","","","","","","","","","","","","","","","","","","","","","","","","","","","",""
"","All Utiltiies","","","","","0.159966777409","0.169684385382","0.153239202658","0.129318936877","0.168477408638","0.183871594684","0.178413289037","0.215565199336","0.235342774086","0.243587790698","0.240402906977","0.237064285714","0.296330481728","0.331469601329","0.428214368771","0.499377408638","0.547873504983","0.61445755814","0.629361129568","0.0","0.0","0.0","0.0","0.0","0.0","0.0","0.0","0.0","0.0","0.0","0.0","0.0"