"Metric 4: Cost Annual Consumption Data","","","","","Notes","","","","","","","","","","","","","","","","","","","","","","","","","","","","","","","","","","","","","","","","","","","","","","","","","","","","","","","","","","","","","","","","","","","","","","",""
"","","","","","","3","4","5","6","7","8","9","10","11","12","13","14","15","16","17","18","19","20","21","22","23","24","25","26","27","28","29","30","31","32","33","34","35","36","37","38","39","40","41","42","43","44","45","46","47","48","49","50","51","52","53","54","55","56","57","58","59","60","61","62","63","64","65","66","67","68","69","70","71","72","73"
"","","","","","","#N/A","#N/A","#N/A","#N/A","#N/A","#N/A","#N/A","#N/A","#N/A","#N/A","#N/A","#N/A","#N/A","#N/A","#N/A","#N/A","#N/A","#N/A","#N/A","#N/A","#N/A","#N/A","#N/A","#N/A","#N/A","#N/A","#N/A","#N/A","#N/A","#N/A","#N/A","#N/A","#N/A","#N/A","#N/A","#N/A","#N/A","#N/A","#N/A","#N/A","#N/A","#N/A","#N/A","#N/A","#N/A","#N/A","3","4","5","6","7","8","9","10","11","12","13","14","15","16","17","18","19","20","21","22","23","24","25","26","27"
"","","","","Source","","1960","1961","1962","1963","1964","1965","1966","1967","1968","1969","1970","1971","1972","1973","1974","1975","1976","1977","1978","1979","1980","1981","1982","1983","1984","1985","1986","1987","1988","1989","1990","1991","1992","1993","1994","1995","1996","1997","1998","1999","2000","2001","2002","2003","2004","2005","2006","2007","2008","2009","2010","2011","2012","2013","2014","2015","2016","2017","2018","2019","2020","2021","2022","2023","2024","2025","2026","2027","2028","2029","2030"
"Variable EC(c,s,y): Consumption by Year, Sector, and Fuel","","","","","","","","","","","","","","","","","","","","","","","","","","","","","","","","","","","","","","","","","","","","","","","","","","","","","","","","","","","","","","","","","","","","","","","","","","","",""
"Residential","","","","","","","","","","","","","","","","","","","","","","","","","","","","","","","","","","","","","","","","","","","","","","","","","","","","","","","","","","","","","","","","","","","","","","","","","","","",""
"","Electricity","ESRCB","Billion Btu","http://www.eia.gov/state/seds/seds-states.cfm?q_state_a=HI&q_state=Hawaii#undefined ","","1754","1966","2194","2497","2688","2938","3121","3389","3758","4050","4384","4745","5155","5456","5646","5674","5925","6005","6070","6299","6281","6565","6284","6327","6270","6411","6695","7072","7341","7650","7929","8174","8320","8423","8724","8893","9130","9103","9010","9175","9433","9562","9889","10330","10789","10796","10858","10921","10527","10425","10200","9993","9346","8901","#N/A","#N/A","#N/A","#N/A","#N/A","#N/A","#N/A","#N/A","#N/A","#N/A","#N/A","#N/A","#N/A","#N/A","#N/A","#N/A","#N/A"
"","Gasoline","-","-","http://www.eia.gov/state/seds/seds-states.cfm?q_state_a=HI&q_state=Hawaii#undefined ","","0","0","0","0","0","0","0","0","0","0","0","0","0","0","0","0","0","0","0","0","0","0","0","0","0","0","0","0","0","0","0","0","0","0","0","0","0","0","0","0","0","0","0","0","0","0","0","0","0","0","0","0","0","0","0","0","0","0","0","0","0","0","0","0","0","0","0","0","0","0","0"
"","Jet Fuel","-","-","http://www.eia.gov/state/seds/seds-states.cfm?q_state_a=HI&q_state=Hawaii#undefined ","","0","0","0","0","0","0","0","0","0","0","0","0","0","0","0","0","0","0","0","0","0","0","0","0","0","0","0","0","0","0","0","0","0","0","0","0","0","0","0","0","0","0","0","0","0","0","0","0","0","0","0","0","0","0","0","0","0","0","0","0","0","0","0","0","0","0","0","0","0","0","0"
"","Diesel","DFRCB","Billion Btu","http://www.eia.gov/state/seds/seds-states.cfm?q_state_a=HI&q_state=Hawaii#undefined ","","2","3","2","3","3","3","4","3","4","6","8","6","6","6","4","4","4","5","6","12","6","6","0","4","4","2","4","4","9","2","2","2","2","11","10","10","1","3","2","2","2","2","2","2","2","1","19","19","30","16","1","1","0","0","#N/A","#N/A","#N/A","#N/A","#N/A","#N/A","#N/A","#N/A","#N/A","#N/A","#N/A","#N/A","#N/A","#N/A","#N/A","#N/A","#N/A"
"","Fuel Oil","-","-","http://www.eia.gov/state/seds/seds-states.cfm?q_state_a=HI&q_state=Hawaii#undefined ","","0","0","0","0","0","0","0","0","0","0","0","0","0","0","0","0","0","0","0","0","0","0","0","0","0","0","0","0","0","0","0","0","0","0","0","0","0","0","0","0","0","0","0","0","0","0","0","0","0","0","0","0","0","0","0","0","0","0","0","0","0","0","0","0","0","0","0","0","0","0","0"
"","LPG","LGRCB","Billion Btu","http://www.eia.gov/state/seds/seds-states.cfm?q_state_a=HI&q_state=Hawaii#undefined ","","98","128","171","165","175","193","218","293","333","704","761","895","817","844","816","545","857","899","846","1261","732","691","651","769","155","171","162","203","228","237","217","223","703","149","153","147","182","337","958","543","742","753","756","560","572","583","597","479","1006","918","918","879","1274","851","#N/A","#N/A","#N/A","#N/A","#N/A","#N/A","#N/A","#N/A","#N/A","#N/A","#N/A","#N/A","#N/A","#N/A","#N/A","#N/A","#N/A"
"","SNG","NGRCB","Billion Btu","http://www.eia.gov/state/seds/seds-states.cfm?q_state_a=HI&q_state=Hawaii#undefined ","","0","0","0","0","0","0","0","0","0","0","0","0","0","0","0","0","0","0","0","0","1364","1236","1184","1147","1075","676","629","631","607","610","605","589","592","592","607","601","571","533","565","552","560","557","571","562","549","535","542","528","520","530","529","509","503","585","#N/A","#N/A","#N/A","#N/A","#N/A","#N/A","#N/A","#N/A","#N/A","#N/A","#N/A","#N/A","#N/A","#N/A","#N/A","#N/A","#N/A"
"","Biodiesel","-","-","http://www.eia.gov/state/seds/seds-states.cfm?q_state_a=HI&q_state=Hawaii#undefined ","","0","0","0","0","0","0","0","0","0","0","0","0","0","0","0","0","0","0","0","0","0","0","0","0","0","0","0","0","0","0","0","0","0","0","0","0","0","0","0","0","0","0","0","0","0","0","0","0","0","0","0","0","0","0","0","0","0","0","0","0","0","0","0","0","0","0","0","0","0","0","0"
"","Ethanol","-","-","http://www.eia.gov/state/seds/seds-states.cfm?q_state_a=HI&q_state=Hawaii#undefined ","","0","0","0","0","0","0","0","0","0","0","0","0","0","0","0","0","0","0","0","0","0","0","0","0","0","0","0","0","0","0","0","0","0","0","0","0","0","0","0","0","0","0","0","0","0","0","0","0","0","0","0","0","0","0","0","0","0","0","0","0","0","0","0","0","0","0","0","0","0","0","0"
"","","","","","","","","","","","","","","","","","","","","","","","","","","","","","","","","","","","","","","","","","","","","","","","","","","","","","","","","","","","","","","","","","","","","","","","","","","","",""
"Commercial","","","","","","","","","","","","","","","","","","","","","","","","","","","","","","","","","","","","","","","","","","","","","","","","","","","","","","","","","","","","","","","","","","","","","","","","","","","",""
"","Electricity","ESCCB","Billion Btu","http://www.eia.gov/state/seds/seds-states.cfm?q_state_a=HI&q_state=Hawaii#undefined ","","1042","1154","1276","1439","1561","1689","1833","1984","2220","2371","2631","2792","3124","3471","3590","3784","4052","4359","4586","4821","4988","4952","4803","4915","5454","5502","6247","6625","7070","7343","7687","8037","8247","8255","8874","9481","9618","9685","9666","10046","10550","10892","10996","12000","12394","11816","11907","12011","11945","11560","11446","11492","11049","11161","#N/A","#N/A","#N/A","#N/A","#N/A","#N/A","#N/A","#N/A","#N/A","#N/A","#N/A","#N/A","#N/A","#N/A","#N/A","#N/A","#N/A"
"","Gasoline","MGCCB","Billion Btu","http://www.eia.gov/state/seds/seds-states.cfm?q_state_a=HI&q_state=Hawaii#undefined ","","290","287","301","292","354","309","395","407","549","635","701","421","434","506","331","517","488","503","531","528","282","312","307","258","228","249","242","233","280","272","310","256","234","57","57","58","58","58","58","58","59","60","60","61","62","63","63","63","63","63","63","63","61","64","#N/A","#N/A","#N/A","#N/A","#N/A","#N/A","#N/A","#N/A","#N/A","#N/A","#N/A","#N/A","#N/A","#N/A","#N/A","#N/A","#N/A"
"","Jet Fuel","-","-","http://www.eia.gov/state/seds/seds-states.cfm?q_state_a=HI&q_state=Hawaii#undefined ","","0","0","0","0","0","0","0","0","0","0","0","0","0","0","0","0","0","0","0","0","0","0","0","0","0","0","0","0","0","0","0","0","0","0","0","0","0","0","0","0","0","0","0","0","0","0","0","0","0","0","0","0","0","0","0","0","0","0","0","0","0","0","0","0","0","0","0","0","0","0","0"
"","Diesel","DFCCB","Billion Btu","http://www.eia.gov/state/seds/seds-states.cfm?q_state_a=HI&q_state=Hawaii#undefined ","","277","328","303","344","392","416","462","420","521","714","1012","826","759","749","548","491","538","708","726","1533","2317","1034","319","575","674","768","1068","2385","3273","2920","2636","3552","2901","2414","2267","2000","1303","2284","1226","1514","1272","794","1806","1645","2222","2240","2282","1641","1287","1586","1541","1745","1539","1474","#N/A","#N/A","#N/A","#N/A","#N/A","#N/A","#N/A","#N/A","#N/A","#N/A","#N/A","#N/A","#N/A","#N/A","#N/A","#N/A","#N/A"
"","Fuel Oil","RFCCB","Billion Btu","http://www.eia.gov/state/seds/seds-states.cfm?q_state_a=HI&q_state=Hawaii#undefined ","","255","274","229","221","215","195","211","188","232","244","236","198","200","202","147","95","138","196","176","99","157","342","667","58","148","131","421","335","11076","9163","5189","116","6612","214","2719","392","79","69","10711","36","52","34","0","0","27","18","5","3","0","0","0","0","0","0","#N/A","#N/A","#N/A","#N/A","#N/A","#N/A","#N/A","#N/A","#N/A","#N/A","#N/A","#N/A","#N/A","#N/A","#N/A","#N/A","#N/A"
"","LPG","LGCCB","Billion Btu","http://www.eia.gov/state/seds/seds-states.cfm?q_state_a=HI&q_state=Hawaii#undefined ","","161","212","283","272","289","319","361","484","550","1164","1258","1479","1351","1394","1349","901","1415","1486","1398","2084","1209","1142","1076","1271","257","283","268","336","377","392","358","368","1161","246","253","242","301","557","1583","897","1227","1244","1249","926","945","963","987","856","1547","2073","2043","2490","2160","2337","#N/A","#N/A","#N/A","#N/A","#N/A","#N/A","#N/A","#N/A","#N/A","#N/A","#N/A","#N/A","#N/A","#N/A","#N/A","#N/A","#N/A"
"","SNG","NGCCB","Billion Btu","http://www.eia.gov/state/seds/seds-states.cfm?q_state_a=HI&q_state=Hawaii#undefined ","","0","0","0","0","0","0","0","0","0","0","0","0","0","0","0","0","0","0","0","0","1652","1544","1589","1584","1363","2010","2045","2156","2209","2299","2378","2320","2301","2255","2313","2304","2254","1804","1845","1845","1854","1812","1823","1833","1889","1905","1898","1904","1845","1822","1848","1853","1935","1884","#N/A","#N/A","#N/A","#N/A","#N/A","#N/A","#N/A","#N/A","#N/A","#N/A","#N/A","#N/A","#N/A","#N/A","#N/A","#N/A","#N/A"
"","Biodiesel","-","-","http://www.eia.gov/state/seds/seds-states.cfm?q_state_a=HI&q_state=Hawaii#undefined ","","0","0","0","0","0","0","0","0","0","0","0","0","0","0","0","0","0","0","0","0","0","0","0","0","0","0","0","0","0","0","0","0","0","0","0","0","0","0","0","0","0","0","0","0","0","0","0","0","0","0","0","0","0","0","0","0","0","0","0","0","0","0","0","0","0","0","0","0","0","0","0"
"","Ethanol","EMCCB","Billion Btu","http://www.eia.gov/state/seds/seds-states.cfm?q_state_a=HI&q_state=Hawaii#undefined ","","0","0","0","0","0","0","0","0","0","0","0","0","0","0","0","0","0","0","0","0","0","0","0","0","0","0","0","0","0","0","0","0","0","0","0","0","0","0","0","0","0","0","0","0","0","1","1","2","4","4","5","5","3","4","#N/A","#N/A","#N/A","#N/A","#N/A","#N/A","#N/A","#N/A","#N/A","#N/A","#N/A","#N/A","#N/A","#N/A","#N/A","#N/A","#N/A"
"","","","","","","","","","","","","","","","","","","","","","","","","","","","","","","","","","","","","","","","","","","","","","","","","","","","","","","","","","","","","","","","","","","","","","","","","","","","",""
"Industrial","","","","","","","","","","","","","","","","","","","","","","","","","","","","","","","","","","","","","","","","","","","","","","","","","","","","","","","","","","","","","","","","","","","","","","","","","","","",""
"Note: Industrial figures exclude refinery activity","Electricity","RFEIB","Billion Btu","http://www.eia.gov/state/seds/seds-states.cfm?q_state_a=HI&q_state=Hawaii#undefined ","","17094","18937","20929","23691","26059","26984","28992","30637","33975","37696","42136","46765","52113","53688","54902","55830","59347","61554","62035","62867","64372","65059","62809","64309","64885","64724","67592","69956","74002","77048","87038","70373","73505","63509","66437","67329","69130","68356","68222","68518","68202","66725","68247","67907","70527","71070","72295","71832","69217","67297","65157","64471","59686","57940","#N/A","#N/A","#N/A","#N/A","#N/A","#N/A","#N/A","#N/A","#N/A","#N/A","#N/A","#N/A","#N/A","#N/A","#N/A","#N/A","#N/A"
"","Gasoline","MGICB","Billion Btu","http://www.eia.gov/state/seds/seds-states.cfm?q_state_a=HI&q_state=Hawaii#undefined ","","438","482","517","465","424","401","384","401","321","286","260","313","402","321","359","278","281","278","313","250","255","269","271","201","274","546","533","566","579","676","701","788","796","1267","1279","1277","1349","1263","1386","810","834","636","755","715","881","693","737","1272","1289","1219","746","769","710","701","#N/A","#N/A","#N/A","#N/A","#N/A","#N/A","#N/A","#N/A","#N/A","#N/A","#N/A","#N/A","#N/A","#N/A","#N/A","#N/A","#N/A"
"","Jet Fuel","-","-","http://www.eia.gov/state/seds/seds-states.cfm?q_state_a=HI&q_state=Hawaii#undefined ","","0","0","0","0","0","0","0","0","0","0","0","0","0","0","0","0","0","0","0","0","0","0","0","0","0","0","0","0","0","0","0","0","0","0","0","0","0","0","0","0","0","0","0","0","0","0","0","0","0","0","0","0","0","0","0","0","0","0","0","0","0","0","0","0","0","0","0","0","0","0","0"
"","Diesel","DFICB","Billion Btu","http://www.eia.gov/state/seds/seds-states.cfm?q_state_a=HI&q_state=Hawaii#undefined ","","3225","3595","3288","2819","2960","3697","3816","3731","3635","4512","4086","3752","3816","4185","3372","3512","3196","3735","5037","9437","7976","8037","7550","1932","2265","2665","3196","3830","4163","3028","4222","4014","4002","3895","3145","3194","2768","3628","3403","2490","2754","2754","2676","2559","2370","2981","2658","2625","2019","2352","1899","1990","2168","1876","#N/A","#N/A","#N/A","#N/A","#N/A","#N/A","#N/A","#N/A","#N/A","#N/A","#N/A","#N/A","#N/A","#N/A","#N/A","#N/A","#N/A"
"","Fuel Oil","RFICB","Billion Btu","http://www.eia.gov/state/seds/seds-states.cfm?q_state_a=HI&q_state=Hawaii#undefined ","","6525","9548","10414","10044","9810","10763","11168","15027","12577","10234","10506","9055","10896","10228","10003","8463","7959","8774","6798","5683","9374","9599","13427","2822","7116","8449","12271","8377","11119","8971","10942","11274","8528","6640","7447","6441","6016","5310","1918","2090","2751","50","2805","2287","2481","4912","5102","2690","2730","2930","2834","2852","2051","1780","#N/A","#N/A","#N/A","#N/A","#N/A","#N/A","#N/A","#N/A","#N/A","#N/A","#N/A","#N/A","#N/A","#N/A","#N/A","#N/A","#N/A"
"","LPG","LGICB","Billion Btu","http://www.eia.gov/state/seds/seds-states.cfm?q_state_a=HI&q_state=Hawaii#undefined ","","178","204","222","487","553","339","354","269","220","1537","1443","1209","1330","1251","1390","1722","1543","840","279","2558","3781","2888","5743","5406","20","31","31","39","43","48","55","162","463","2734","5375","4310","4232","21","644","0","172","216","877","333","239","50","146","205","17","112","173","26","3","4","#N/A","#N/A","#N/A","#N/A","#N/A","#N/A","#N/A","#N/A","#N/A","#N/A","#N/A","#N/A","#N/A","#N/A","#N/A","#N/A","#N/A"
"","SNG","NGICB","Billion Btu","http://www.eia.gov/state/seds/seds-states.cfm?q_state_a=HI&q_state=Hawaii#undefined ","","0","0","0","0","0","0","0","0","0","0","0","0","0","0","0","0","0","0","0","0","0","0","0","0","0","0","0","0","0","0","0","0","0","0","0","0","0","352","393","488","561","551","504","465","467","455","472","521","450","358","353","379","371","390","#N/A","#N/A","#N/A","#N/A","#N/A","#N/A","#N/A","#N/A","#N/A","#N/A","#N/A","#N/A","#N/A","#N/A","#N/A","#N/A","#N/A"
"","Biodiesel","-","-","http://www.eia.gov/state/seds/seds-states.cfm?q_state_a=HI&q_state=Hawaii#undefined ","","0","0","0","0","0","0","0","0","0","0","0","0","0","0","0","0","0","0","0","0","0","0","0","0","0","0","0","0","0","0","0","0","0","0","0","0","0","0","0","0","0","0","0","0","0","0","0","0","0","0","0","0","0","0","0","0","0","0","0","0","0","0","0","0","0","0","0","0","0","0","0"
"","Ethanol","EMICB","Billion Btu","http://www.eia.gov/state/seds/seds-states.cfm?q_state_a=HI&q_state=Hawaii#undefined ","","0","0","0","0","0","0","0","0","0","0","0","0","0","0","0","0","0","0","0","0","0","0","0","0","0","0","0","0","0","0","0","0","0","0","0","0","0","0","0","0","0","0","0","0","0","14","17","37","74","78","62","58","39","39","#N/A","#N/A","#N/A","#N/A","#N/A","#N/A","#N/A","#N/A","#N/A","#N/A","#N/A","#N/A","#N/A","#N/A","#N/A","#N/A","#N/A"
"","","","","","","","","","","","","","","","","","","","","","","","","","","","","","","","","","","","","","","","","","","","","","","","","","","","","","","","","","","","","","","","","","","","","","","","","","","","",""
"Ground and Water Transportation","","","","","","","","","","","","","","","","","","","","","","","","","","","","","","","","","","","","","","","","","","","","","","","","","","","","","","","","","","","","","","","","","","","","","","","","","","","",""
"","Electricity","ESACB","Billion Btu","http://www.eia.gov/state/seds/seds-states.cfm?q_state_a=HI&q_state=Hawaii#undefined ","","0","0","0","0","0","0","0","0","0","0","0","0","0","0","0","0","0","0","0","0","0","0","0","0","0","0","0","0","0","0","0","0","0","0","0","0","0","0","0","0","0","0","0","0","0","0","0","0","0","0","0","0","0","0","#N/A","#N/A","#N/A","#N/A","#N/A","#N/A","#N/A","#N/A","#N/A","#N/A","#N/A","#N/A","#N/A","#N/A","#N/A","#N/A","#N/A"
"","Gasoline","MGACB","Billion Btu","http://www.eia.gov/state/seds/seds-states.cfm?q_state_a=HI&q_state=Hawaii#undefined ","","17283","17859","18658","18976","19502","20734","21778","22966","24777","26267","28932","30110","31742","33886","33683","34747","36157","38123","39285","38650","37448","37163","37566","37572","39044","39096","40606","42199","43667","45037","44531","46076","45562","46266","47529","47769","47485","47460","47248","45786","47505","49891","53445","54401","55071","56527","59377","57889","54352","55249","51333","57322","52827","53280","#N/A","#N/A","#N/A","#N/A","#N/A","#N/A","#N/A","#N/A","#N/A","#N/A","#N/A","#N/A","#N/A","#N/A","#N/A","#N/A","#N/A"
"","Jet Fuel","-","-","http://www.eia.gov/state/seds/seds-states.cfm?q_state_a=HI&q_state=Hawaii#undefined ","","0","0","0","0","0","0","0","0","0","0","0","0","0","0","0","0","0","0","0","0","0","0","0","0","0","0","0","0","0","0","0","0","0","0","0","0","0","0","0","0","0","0","0","0","0","0","0","0","0","0","0","0","0","0","0","0","0","0","0","0","0","0","0","0","0","0","0","0","0","0","0"
"","Diesel","DFACB","Billion Btu","http://www.eia.gov/state/seds/seds-states.cfm?q_state_a=HI&q_state=Hawaii#undefined ","","1439","5524","5678","4456","6563","4919","3361","2480","3664","3600","4208","4782","4209","4329","5390","4842","7270","9040","10492","22640","19405","21455","15083","7268","8176","18548","17889","9016","17937","19182","20374","24473","16661","15579","18771","15626","11228","7701","7237","12064","9480","14301","19392","30210","31218","22290","19728","36381","15895","18194","23422","19858","18903","17666","#N/A","#N/A","#N/A","#N/A","#N/A","#N/A","#N/A","#N/A","#N/A","#N/A","#N/A","#N/A","#N/A","#N/A","#N/A","#N/A","#N/A"
"","Fuel Oil","RFACB","Billion Btu","http://www.eia.gov/state/seds/seds-states.cfm?q_state_a=HI&q_state=Hawaii#undefined ","","6087","8496","5989","6474","7705","7512","8675","9586","14441","15045","10963","11262","8072","8651","4874","6370","7191","9288","9933","7847","9060","7738","6665","9182","8297","9591","9786","6801","10274","13931","16703","16309","23616","16683","18457","16832","4413","3077","2410","10739","13995","16709","9035","5745","9388","7049","14933","28069","6146","7633","6756","6300","5699","5530","#N/A","#N/A","#N/A","#N/A","#N/A","#N/A","#N/A","#N/A","#N/A","#N/A","#N/A","#N/A","#N/A","#N/A","#N/A","#N/A","#N/A"
"","LPG","LGACB","Billion Btu","http://www.eia.gov/state/seds/seds-states.cfm?q_state_a=HI&q_state=Hawaii#undefined ","","7","9","0","3","12","13","20","46","38","71","99","76","81","75","87","86","77","83","148","33","100","213","158","180","29","23","20","22","33","35","49","53","136","36","55","30","7","7","3","0","0","0","0","43","0","57","64","48","14","25","21","51","5","19","#N/A","#N/A","#N/A","#N/A","#N/A","#N/A","#N/A","#N/A","#N/A","#N/A","#N/A","#N/A","#N/A","#N/A","#N/A","#N/A","#N/A"
"","SNG","NGACB","Billion Btu","http://www.eia.gov/state/seds/seds-states.cfm?q_state_a=HI&q_state=Hawaii#undefined ","","0","0","0","0","0","0","0","0","0","0","0","0","0","0","0","0","0","0","0","0","0","0","0","0","0","0","0","0","0","0","0","0","0","0","0","0","0","0","0","0","0","0","0","0","2","3","2","3","2","2","2","2","3","1","#N/A","#N/A","#N/A","#N/A","#N/A","#N/A","#N/A","#N/A","#N/A","#N/A","#N/A","#N/A","#N/A","#N/A","#N/A","#N/A","#N/A"
"","Biodiesel","-","-","http://www.eia.gov/state/seds/seds-states.cfm?q_state_a=HI&q_state=Hawaii#undefined ","","0","0","0","0","0","0","0","0","0","0","0","0","0","0","0","0","0","0","0","0","0","0","0","0","0","0","0","0","0","0","0","0","0","0","0","0","0","0","0","0","0","0","0","0","0","0","0","0","0","0","0","0","0","0","0","0","0","0","0","0","0","0","0","0","0","0","0","0","0","0","0"
"","Ethanol","EMACB","Billion Btu","http://www.eia.gov/state/seds/seds-states.cfm?q_state_a=HI&q_state=Hawaii#undefined ","","0","0","0","0","0","0","0","0","0","0","0","0","0","0","0","0","0","0","0","0","0","13","3","0","0","0","0","0","0","0","0","0","0","0","0","0","0","0","0","0","0","0","0","0","0","1167","1333","1685","3108","3556","4265","4310","2890","2966","#N/A","#N/A","#N/A","#N/A","#N/A","#N/A","#N/A","#N/A","#N/A","#N/A","#N/A","#N/A","#N/A","#N/A","#N/A","#N/A","#N/A"
"","","","","","","","","","","","","","","","","","","","","","","","","","","","","","","","","","","","","","","","","","","","","","","","","","","","","","","","","","","","","","","","","","","","","","","","","","","","",""
"Air Transportation","","","","","","","","","","","","","","","","","","","","","","","","","","","","","","","","","","","","","","","","","","","","","","","","","","","","","","","","","","","","","","","","","","","","","","","","","","","",""
"","Electricity","-","-","http://www.eia.gov/state/seds/seds-states.cfm?q_state_a=HI&q_state=Hawaii#undefined ","","0","0","0","0","0","0","0","0","0","0","0","0","0","0","0","0","0","0","0","0","0","0","0","0","0","0","0","0","0","0","0","0","0","0","0","0","0","0","0","0","0","0","0","0","0","0","0","0","0","0","0","0","0","0","0","0","0","0","0","0","0","0","0","0","0","0","0","0","0","0","0"
"","Gasoline","-","-","http://www.eia.gov/state/seds/seds-states.cfm?q_state_a=HI&q_state=Hawaii#undefined ","","0","0","0","0","0","0","0","0","0","0","0","0","0","0","0","0","0","0","0","0","0","0","0","0","0","0","0","0","0","0","0","0","0","0","0","0","0","0","0","0","0","0","0","0","0","0","0","0","0","0","0","0","0","0","0","0","0","0","0","0","0","0","0","0","0","0","0","0","0","0","0"
"","Jet Fuel","JFACB","Billion Btu","http://www.eia.gov/state/seds/seds-states.cfm?q_state_a=HI&q_state=Hawaii#undefined ","","23519","26540","26015","33588","37911","42262","52755","67277","77451","78939","80060","91531","91261","92860","83633","83464","79834","83618","83578","85912","79244","56165","41635","62471","72629","74436","56962","64386","67174","74414","71051","62557","56501","50409","53705","56358","57194","57955","56695","53720","53511","50437","57774","72056","75861","92831","86945","72329","60679","52748","55775","62077","64135","64201","#N/A","#N/A","#N/A","#N/A","#N/A","#N/A","#N/A","#N/A","#N/A","#N/A","#N/A","#N/A","#N/A","#N/A","#N/A","#N/A","#N/A"
"","Diesel","-","-","http://www.eia.gov/state/seds/seds-states.cfm?q_state_a=HI&q_state=Hawaii#undefined ","","0","0","0","0","0","0","0","0","0","0","0","0","0","0","0","0","0","0","0","0","0","0","0","0","0","0","0","0","0","0","0","0","0","0","0","0","0","0","0","0","0","0","0","0","0","0","0","0","0","0","0","0","0","0","0","0","0","0","0","0","0","0","0","0","0","0","0","0","0","0","0"
"","Fuel Oil","-","-","http://www.eia.gov/state/seds/seds-states.cfm?q_state_a=HI&q_state=Hawaii#undefined ","","0","0","0","0","0","0","0","0","0","0","0","0","0","0","0","0","0","0","0","0","0","0","0","0","0","0","0","0","0","0","0","0","0","0","0","0","0","0","0","0","0","0","0","0","0","0","0","0","0","0","0","0","0","0","0","0","0","0","0","0","0","0","0","0","0","0","0","0","0","0","0"
"","LPG","-","-","http://www.eia.gov/state/seds/seds-states.cfm?q_state_a=HI&q_state=Hawaii#undefined ","","0","0","0","0","0","0","0","0","0","0","0","0","0","0","0","0","0","0","0","0","0","0","0","0","0","0","0","0","0","0","0","0","0","0","0","0","0","0","0","0","0","0","0","0","0","0","0","0","0","0","0","0","0","0","0","0","0","0","0","0","0","0","0","0","0","0","0","0","0","0","0"
"","SNG","-","-","http://www.eia.gov/state/seds/seds-states.cfm?q_state_a=HI&q_state=Hawaii#undefined ","","0","0","0","0","0","0","0","0","0","0","0","0","0","0","0","0","0","0","0","0","0","0","0","0","0","0","0","0","0","0","0","0","0","0","0","0","0","0","0","0","0","0","0","0","0","0","0","0","0","0","0","0","0","0","0","0","0","0","0","0","0","0","0","0","0","0","0","0","0","0","0"
"","Biodiesel","-","-","http://www.eia.gov/state/seds/seds-states.cfm?q_state_a=HI&q_state=Hawaii#undefined ","","0","0","0","0","0","0","0","0","0","0","0","0","0","0","0","0","0","0","0","0","0","0","0","0","0","0","0","0","0","0","0","0","0","0","0","0","0","0","0","0","0","0","0","0","0","0","0","0","0","0","0","0","0","0","0","0","0","0","0","0","0","0","0","0","0","0","0","0","0","0","0"
"","Ethanol","-","-","http://www.eia.gov/state/seds/seds-states.cfm?q_state_a=HI&q_state=Hawaii#undefined ","","0","0","0","0","0","0","0","0","0","0","0","0","0","0","0","0","0","0","0","0","0","0","0","0","0","0","0","0","0","0","0","0","0","0","0","0","0","0","0","0","0","0","0","0","0","0","0","0","0","0","0","0","0","0","0","0","0","0","0","0","0","0","0","0","0","0","0","0","0","0","0"
"","","","","","","","","","","","","","","","","","","","","","","","","","","","","","","","","","","","","","","","","","","","","","","","","","","","","","","","","","","","","","","","","","","","","","","","","","","","",""
"Power","","NOTE: Power Sector is Excluded since pricing will be incorporated in electricity rates","","","","","","","","","","","","","","","","","","","","","","","","","","","","","","","","","","","","","","","","","","","","","","","","","","","","","","","","","","","","","","","","","","","","","","","","","",""
"","Electricity","","","","","","","","","","","","","","","","","","","","","","","","","","","","","","","","","","","","","","","","","","","","","","","","","","","","","","","","","","","","","","","","","","","","","","","","","","",""
"","Gasoline","","","","","","","","","","","","","","","","","","","","","","","","","","","","","","","","","","","","","","","","","","","","","","","","","","","","","","","","","","","","","","","","","","","","","","","","","","",""
"","Jet Fuel","","","","","","","","","","","","","","","","","","","","","","","","","","","","","","","","","","","","","","","","","","","","","","","","","","","","","","","","","","","","","","","","","","","","","","","","","","",""
"","Diesel","","","","","","","","","","","","","","","","","","","","","","","","","","","","","","","","","","","","","","","","","","","","","","","","","","","","","","","","","","","","","","","","","","","","","","","","","","",""
"","Fuel Oil","","","","","","","","","","","","","","","","","","","","","","","","","","","","","","","","","","","","","","","","","","","","","","","","","","","","","","","","","","","","","","","","","","","","","","","","","","",""
"","LPG","","","","","","","","","","","","","","","","","","","","","","","","","","","","","","","","","","","","","","","","","","","","","","","","","","","","","","","","","","","","","","","","","","","","","","","","","","",""
"","SNG","","","","","","","","","","","","","","","","","","","","","","","","","","","","","","","","","","","","","","","","","","","","","","","","","","","","","","","","","","","","","","","","","","","","","","","","","","",""
"","Biodiesel","","","","","","","","","","","","","","","","","","","","","","","","","","","","","","","","","","","","","","","","","","","","","","","","","","","","","","","","","","","","","","","","","","","","","","","","","","",""
"","Ethanol","","","","","","","","","","","","","","","","","","","","","","","","","","","","","","","","","","","","","","","","","","","","","","","","","","","","","","","","","","","","","","","","","","","","","","","","","","",""
"","","","","","","","","","","","","","","","","","","","","","","","","","","","","","","","","","","","","","","","","","","","","","","","","","","","","","","","","","","","","","","","","","","","","","","","","","","","",""
"All Sectors","","","","","","","","","","","","","","","","","","","","","","","","","","","","","","","","","","","","","","","","","","","","","","","","","","","","","","","","","","","","","","","","","","","","","","","","","","","",""
"","Electricity","ESTCB","Billion Btu","http://www.eia.gov/state/seds/seds-states.cfm?q_state_a=HI&q_state=Hawaii#undefined ","","4384","5302","6210","7095","7799","8368","9013","9281","10687","11757","12884","14287","15650","16695","17552","18117","19066","19771","20329","21151","21601","22675","22169","22454","22536","22637","23994","24901","26337","27195","28356","29084","29571","29541","30532","31348","32001","31947","31599","32008","33064","33385","33750","35454","36616","35959","36058","36117","35452","34551","34176","33989","32889","32425","#N/A","#N/A","#N/A","#N/A","#N/A","#N/A","#N/A","#N/A","#N/A","#N/A","#N/A","#N/A","#N/A","#N/A","#N/A","#N/A","#N/A"
"","Gasoline","MGTCB","Billion Btu","http://www.eia.gov/state/seds/seds-states.cfm?q_state_a=HI&q_state=Hawaii#undefined ","","18011","18628","19476","19733","20281","21444","22556","23774","25647","27189","29892","30844","32578","34713","34373","35542","36926","38905","40129","39428","37985","37744","38144","38031","39546","39890","41381","42998","44525","45985","45543","47120","46593","47590","48865","49103","48892","48781","48692","46654","48398","50587","54261","55177","56014","57283","60177","59224","55704","56531","52142","58154","53599","54045","#N/A","#N/A","#N/A","#N/A","#N/A","#N/A","#N/A","#N/A","#N/A","#N/A","#N/A","#N/A","#N/A","#N/A","#N/A","#N/A","#N/A"
"","Jet Fuel","JFTCB","Billion Btu","http://www.eia.gov/state/seds/seds-states.cfm?q_state_a=HI&q_state=Hawaii#undefined ","","23519","26540","26015","33588","37911","42262","52755","67277","77451","78939","80060","91531","91261","92860","83633","83464","79834","83618","83578","85912","79244","56165","41635","62471","72629","74436","56962","64386","67174","74414","71051","62557","56501","50409","53705","56358","57194","57955","56695","53720","53511","50437","57774","72056","75861","92831","86945","72329","60679","52748","55775","62077","64135","64201","#N/A","#N/A","#N/A","#N/A","#N/A","#N/A","#N/A","#N/A","#N/A","#N/A","#N/A","#N/A","#N/A","#N/A","#N/A","#N/A","#N/A"
"","Diesel","DFTXB","Billion Btu","http://www.eia.gov/state/seds/seds-states.cfm?q_state_a=HI&q_state=Hawaii#undefined ","","4943","9449","9271","7621","9917","9036","7643","6635","7824","8831","9315","9365","8790","9269","9314","8849","11009","13489","16260","33623","29705","30532","22953","9778","11119","21983","22157","15236","25383","25132","27234","32041","23566","21899","24193","20830","15301","13616","11868","16069","13508","17851","23876","34416","35812","27512","24687","40665","19231","22148","26863","23593","22610","21017","#N/A","#N/A","#N/A","#N/A","#N/A","#N/A","#N/A","#N/A","#N/A","#N/A","#N/A","#N/A","#N/A","#N/A","#N/A","#N/A","#N/A"
"","Fuel Oil","RFTXB","Billion Btu","http://www.eia.gov/state/seds/seds-states.cfm?q_state_a=HI&q_state=Hawaii#undefined ","","12868","18318","16632","16738","17730","18470","20054","24800","27250","25523","21705","20515","19169","19082","15023","14928","15287","18258","16906","13630","18591","17679","20759","12063","15561","18170","22478","15513","32469","32066","32833","27699","38756","23537","28623","23665","10509","8456","15040","12866","16799","16793","11840","8031","11896","11979","20040","30762","8877","10564","9590","9152","7750","7310","#N/A","#N/A","#N/A","#N/A","#N/A","#N/A","#N/A","#N/A","#N/A","#N/A","#N/A","#N/A","#N/A","#N/A","#N/A","#N/A","#N/A"
"","LPG","LGTCB","Billion Btu","http://www.eia.gov/state/seds/seds-states.cfm?q_state_a=HI&q_state=Hawaii#undefined ","","443","552","676","927","1028","864","954","1092","1140","3476","3561","3659","3579","3564","3643","3254","3892","3308","2672","5936","5822","4934","7628","7627","461","508","481","600","681","711","679","806","2462","3165","5835","4730","4722","922","3187","1441","2142","2214","2883","1863","1755","1652","1793","1588","2584","3128","3155","3447","3441","3211","#N/A","#N/A","#N/A","#N/A","#N/A","#N/A","#N/A","#N/A","#N/A","#N/A","#N/A","#N/A","#N/A","#N/A","#N/A","#N/A","#N/A"
"","SNG","NGTXB","Billion Btu","http://www.eia.gov/state/seds/seds-states.cfm?q_state_a=HI&q_state=Hawaii#undefined ","","0","0","0","0","0","0","0","0","0","0","0","0","0","0","0","0","0","0","0","0","3015","2780","2773","2730","2438","2687","2674","2787","2816","2909","2983","2909","2892","2847","2920","2906","2825","2689","2803","2886","2975","2920","2898","2861","2907","2898","2914","2956","2817","2712","2732","2744","2813","2861","#N/A","#N/A","#N/A","#N/A","#N/A","#N/A","#N/A","#N/A","#N/A","#N/A","#N/A","#N/A","#N/A","#N/A","#N/A","#N/A","#N/A"
"","Biodiesel","Biofuels are calculated off of monthly data from DBEDT, making this section irrelevant","","DBEDT Yearly","","0","0","0","0","0","0","0","0","0","0","0","0","0","0","0","0","0","0","0","0","0","0","0","0","0","0","0","0","0","0","0","0","0","0","0","0","0","0","0","0","0","0","0","0","0","0","0","0","0","0","7355","106972","74110","98261","115809","129506.36","0","0","0","0","0","0","0","0","0","0","0","0","0","0","0"
"","Ethanol","EMTCB","","http://www.eia.gov/state/seds/seds-states.cfm?q_state_a=HI&q_state=Hawaii#undefined ","","0","0","0","0","0","0","0","0","0","0","0","0","0","0","0","0","0","0","0","0","0","14","3","0","0","0","0","0","0","0","0","0","0","0","0","0","0","0","0","0","0","0","0","0","0","1183","1351","1724","3185","3638","4332","4372","2932","3008","#N/A","#N/A","#N/A","#N/A","#N/A","#N/A","#N/A","#N/A","#N/A","#N/A","#N/A","#N/A","#N/A","#N/A","#N/A","#N/A","#N/A"
"","","","","","","","","","","","","","","","","","","","","","","","","","","","","","","","","","","","","","","","","","","","","","","","","","","","","","","","","","","","","","","","","","","","","","","","","","","","",""
"","","","","","","","","","","","","","","","","","","","","","","","","","","","","","","","","","","","","","","","","","","","","","","","","","","","","","","","","","","","","","","","","","","","","","","","","","","","",""
"","","","","","","","","","","","","","","","","","","","","","","","","","","","","","","","","","","","","","","","","","","","","","","","","","","","","","","","","","","","","","","","","","","","","","","","","","","","",""
"Vairable ECV(s,y): Portfolio Expenditure Volatility by sector, and year","","","","","","","","","","","","","","","","","","","","","","","","","","","","","","","","","","","","","","","","","","","","","","","","","","","","","","","","","","","","","","","","","","","","","","","","","","","",""
"","","","","","","","","","","","","","","","","","","","","","","","","","","","","","","","","","","","","","","","","","","","","","","","","","","","","","","","","","","","","","","","","","","","","","","","","","","","",""
"Residential","","","These data sum monthly dollars spent, based on EIA and DBEDTdata. See monthly tabs for source data and links","","","","","","","","","","","","","","","","","","","","","","","","","","","","","","","","","","","","","","","","","","","","","","","","","","","","","","","","","","","","","","","","","","","","","","","","",""
"","Electricity","ESTCB","$","","","4384","5302","6210","7095","7799","8368","9013","9281","10687","11757","12884","14287","15650","16695","17552","18117","19066","19771","20329","21151","21601","22675","22169","22454","22536","22637","23994","24901","26337","27195","28356","29084","29571","29541","30532","31348","32001","31947","31599","32008","33064","33385","33750","35454","36616","35959","7223025.35106","20379870.9224","24662513.8372","22956235.3245","10004496.4176","23763631.7089","17114030.0533","21741331.5293","#N/A","#N/A","#N/A","#N/A","#N/A","#N/A","#N/A","#N/A","#N/A","#N/A","#N/A","#N/A","#N/A","#N/A","#N/A","#N/A","#N/A"
"","Gasoline","MGTCB","$","","","18011","18628","19476","19733","20281","21444","22556","23774","25647","27189","29892","30844","32578","34713","34373","35542","36926","38905","40129","39428","37985","37744","38144","38031","39546","39890","41381","42998","44525","45985","45543","47120","46593","47590","48865","49103","48892","48781","48692","46654","48398","50587","54261","55177","56014","57283","0.0","0.0","0.0","0.0","0.0","0.0","0.0","0.0","0.0","0.0","#N/A","#N/A","#N/A","#N/A","#N/A","#N/A","#N/A","#N/A","#N/A","#N/A","#N/A","#N/A","#N/A","#N/A","#N/A"
"","Jet Fuel","JFTCB","$","","","23519","26540","26015","33588","37911","42262","52755","67277","77451","78939","80060","91531","91261","92860","83633","83464","79834","83618","83578","85912","79244","56165","41635","62471","72629","74436","56962","64386","67174","74414","71051","62557","56501","50409","53705","56358","57194","57955","56695","53720","53511","50437","57774","72056","75861","92831","0.0","0.0","0.0","0.0","0.0","0.0","0.0","0.0","0.0","0.0","#N/A","#N/A","#N/A","#N/A","#N/A","#N/A","#N/A","#N/A","#N/A","#N/A","#N/A","#N/A","#N/A","#N/A","#N/A"
"","Diesel","DFTXB","$","","","4943","9449","9271","7621","9917","9036","7643","6635","7824","8831","9315","9365","8790","9269","9314","8849","11009","13489","16260","33623","29705","30532","22953","9778","11119","21983","22157","15236","25383","25132","27234","32041","23566","21899","24193","20830","15301","13616","11868","16069","13508","17851","23876","34416","35812","27512","10533.9562084","21443.355401","78381.7057497","27589.3169762","527.684770787","1575.78205484","0.0","0.0","#N/A","#N/A","#N/A","#N/A","#N/A","#N/A","#N/A","#N/A","#N/A","#N/A","#N/A","#N/A","#N/A","#N/A","#N/A","#N/A","#N/A"
"","Fuel Oil","RFTXB","$","","","12868","18318","16632","16738","17730","18470","20054","24800","27250","25523","21705","20515","19169","19082","15023","14928","15287","18258","16906","13630","18591","17679","20759","12063","15561","18170","22478","15513","32469","32066","32833","27699","38756","23537","28623","23665","10509","8456","15040","12866","16799","16793","11840","8031","11896","11979","0.0","0.0","0.0","0.0","0.0","0.0","0.0","0.0","0.0","0.0","#N/A","#N/A","#N/A","#N/A","#N/A","#N/A","#N/A","#N/A","#N/A","#N/A","#N/A","#N/A","#N/A","#N/A","#N/A"
"","LPG","LGTCB","$","","","443","552","676","927","1028","864","954","1092","1140","3476","3561","3659","3579","3564","3643","3254","3892","3308","2672","5936","5822","4934","7628","7627","461","508","481","600","681","711","679","806","2462","3165","5835","4730","4722","922","3187","1441","2142","2214","2883","1863","1755","1652","749174.270385","1572506.91186","4224724.437","3008781.23391","878751.945867","1940200.5911","2124152.42909","1271209.84774","#N/A","#N/A","#N/A","#N/A","#N/A","#N/A","#N/A","#N/A","#N/A","#N/A","#N/A","#N/A","#N/A","#N/A","#N/A","#N/A","#N/A"
"","SNG","NGTXB","$","","","0","0","0","0","0","0","0","0","0","0","0","0","0","0","0","0","0","0","0","0","3015","2780","2773","2730","2438","2687","2674","2787","2816","2909","2983","2909","2892","2847","2920","2906","2825","2689","2803","2886","2975","2920","2898","2861","2907","2898","230087.711864","461456.782564","885460.17512","860527.037645","277774.747098","747852.392914","308941.12803","187152.77524","#N/A","#N/A","#N/A","#N/A","#N/A","#N/A","#N/A","#N/A","#N/A","#N/A","#N/A","#N/A","#N/A","#N/A","#N/A","#N/A","#N/A"
"","Biodiesel","Biofuels are calculated off of monthly data from DBEDT, making this section irrelevant","$","","","0","0","0","0","0","0","0","0","0","0","0","0","0","0","0","0","0","0","0","0","0","0","0","0","0","0","0","0","0","0","0","0","0","0","0","0","0","0","0","0","0","0","0","0","0","0","0.0","0.0","0.0","0.0","0.0","0.0","0.0","0.0","0.0","0.0","0.0","0.0","0.0","0.0","0.0","0.0","0.0","0.0","0.0","0.0","0.0","0.0","0.0","0.0","0.0"
"","Ethanol","EMTCB","$","","","0","0","0","0","0","0","0","0","0","0","0","0","0","0","0","0","0","0","0","0","0","14","3","0","0","0","0","0","0","0","0","0","0","0","0","0","0","0","0","0","0","0","0","0","0","1183","0.0","0.0","0.0","0.0","0.0","0.0","0.0","0.0","0.0","0.0","#N/A","#N/A","#N/A","#N/A","#N/A","#N/A","#N/A","#N/A","#N/A","#N/A","#N/A","#N/A","#N/A","#N/A","#N/A"
"","Total","","$","","","0.0","0.0","0.0","0.0","0.0","0.0","0.0","0.0","0.0","0.0","0.0","0.0","0.0","0.0","0.0","0.0","0.0","0.0","0.0","0.0","0.0","0.0","0.0","0.0","0.0","0.0","0.0","0.0","0.0","0.0","0.0","0.0","0.0","0.0","0.0","0.0","0.0","0.0","0.0","0.0","0.0","0.0","0.0","0.0","0.0","0.0","7916571.24117","22129233.9543","28034774.2398","26179399.9022","10483681.3868","25767031.9096","17960867.5023","21934078.2686","#N/A","#N/A","#N/A","#N/A","#N/A","#N/A","#N/A","#N/A","#N/A","#N/A","#N/A","#N/A","#N/A","#N/A","#N/A","#N/A","#N/A"
"Commercial","","","","","","","","","","","","","","","","","","","","","","","","","","","","","","","","","","","","","","","","","","","","","","","","","","","","","","","","","","","","","","","","","","","","","","","","","","","",""
"","Electricity","ESTCB","$","","","4384","5302","6210","7095","7799","8368","9013","9281","10687","11757","12884","14287","15650","16695","17552","18117","19066","19771","20329","21151","21601","22675","22169","22454","22536","22637","23994","24901","26337","27195","28356","29084","29571","29541","30532","31348","32001","31947","31599","32008","33064","33385","33750","35454","36616","35959","7920847.56448","22413939.1676","27984585.1415","25455547.2758","11226614.3133","27328295.3666","20232497.1174","27261543.7814","#N/A","#N/A","#N/A","#N/A","#N/A","#N/A","#N/A","#N/A","#N/A","#N/A","#N/A","#N/A","#N/A","#N/A","#N/A","#N/A","#N/A"
"","Gasoline","MGTCB","$","","","18011","18628","19476","19733","20281","21444","22556","23774","25647","27189","29892","30844","32578","34713","34373","35542","36926","38905","40129","39428","37985","37744","38144","38031","39546","39890","41381","42998","44525","45985","45543","47120","46593","47590","48865","49103","48892","48781","48692","46654","48398","50587","54261","55177","56014","57283","60448.6905938","77735.7573415","152535.539149","135636.963826","32874.2780037","90848.7013694","48969.2804365","20648.5257583","#N/A","#N/A","#N/A","#N/A","#N/A","#N/A","#N/A","#N/A","#N/A","#N/A","#N/A","#N/A","#N/A","#N/A","#N/A","#N/A","#N/A"
"","Jet Fuel","JFTCB","$","","","23519","26540","26015","33588","37911","42262","52755","67277","77451","78939","80060","91531","91261","92860","83633","83464","79834","83618","83578","85912","79244","56165","41635","62471","72629","74436","56962","64386","67174","74414","71051","62557","56501","50409","53705","56358","57194","57955","56695","53720","53511","50437","57774","72056","75861","92831","0.0","0.0","0.0","0.0","0.0","0.0","0.0","0.0","0.0","0.0","#N/A","#N/A","#N/A","#N/A","#N/A","#N/A","#N/A","#N/A","#N/A","#N/A","#N/A","#N/A","#N/A","#N/A","#N/A"
"","Diesel","DFTXB","$","","","4943","9449","9271","7621","9917","9036","7643","6635","7824","8831","9315","9365","8790","9269","9314","8849","11009","13489","16260","33623","29705","30532","22953","9778","11119","21983","22157","15236","25383","25132","27234","32041","23566","21899","24193","20830","15301","13616","11868","16069","13508","17851","23876","34416","35812","27512","1265183.58251","1852028.74806","3362575.17666","2734791.04526","813162.231782","2749739.68569","764635.48122","390074.080332","#N/A","#N/A","#N/A","#N/A","#N/A","#N/A","#N/A","#N/A","#N/A","#N/A","#N/A","#N/A","#N/A","#N/A","#N/A","#N/A","#N/A"
"","Fuel Oil","RFTXB","$","","","12868","18318","16632","16738","17730","18470","20054","24800","27250","25523","21705","20515","19169","19082","15023","14928","15287","18258","16906","13630","18591","17679","20759","12063","15561","18170","22478","15513","32469","32066","32833","27699","38756","23537","28623","23665","10509","8456","15040","12866","16799","16793","11840","8031","11896","11979","6510.81572806","1935.21556822","0.0","0.0","0.0","0.0","0.0","0.0","#N/A","#N/A","#N/A","#N/A","#N/A","#N/A","#N/A","#N/A","#N/A","#N/A","#N/A","#N/A","#N/A","#N/A","#N/A","#N/A","#N/A"
"","LPG","LGTCB","$","","","443","552","676","927","1028","864","954","1092","1140","3476","3561","3659","3579","3564","3643","3254","3892","3308","2672","5936","5822","4934","7628","7627","461","508","481","600","681","711","679","806","2462","3165","5835","4730","4722","922","3187","1441","2142","2214","2883","1863","1755","1652","1238584.59777","2810158.48967","6496668.69189","6794339.32233","1955653.84031","5496131.36728","3601388.73378","3490972.28458","#N/A","#N/A","#N/A","#N/A","#N/A","#N/A","#N/A","#N/A","#N/A","#N/A","#N/A","#N/A","#N/A","#N/A","#N/A","#N/A","#N/A"
"","SNG","NGTXB","$","","","0","0","0","0","0","0","0","0","0","0","0","0","0","0","0","0","0","0","0","0","3015","2780","2773","2730","2438","2687","2674","2787","2816","2909","2983","2909","2892","2847","2920","2906","2825","2689","2803","2886","2975","2920","2898","2861","2907","2898","805731.507598","1664041.125","3141680.81365","2958264.64639","970373.785704","2722535.33216","1188471.33745","602727.912054","#N/A","#N/A","#N/A","#N/A","#N/A","#N/A","#N/A","#N/A","#N/A","#N/A","#N/A","#N/A","#N/A","#N/A","#N/A","#N/A","#N/A"
"","Biodiesel","Biofuels are calculated off of monthly data from DBEDT, making this section irrelevant","$","","","0","0","0","0","0","0","0","0","0","0","0","0","0","0","0","0","0","0","0","0","0","0","0","0","0","0","0","0","0","0","0","0","0","0","0","0","0","0","0","0","0","0","0","0","0","0","0.0","0.0","0.0","0.0","0.0","0.0","0.0","0.0","0.0","0.0","0.0","0.0","0.0","0.0","0.0","0.0","0.0","0.0","0.0","0.0","0.0","0.0","0.0","0.0","0.0"
"","Ethanol","EMTCB","$","","","0","0","0","0","0","0","0","0","0","0","0","0","0","0","0","0","0","0","0","0","0","14","3","0","0","0","0","0","0","0","0","0","0","0","0","0","0","0","0","0","0","0","0","0","0","1183","1198.8724303","3247.1200601","9078.55053207","8178.41179775","3714.31332509","7176.57847971","2217.03971099","1646.31094906","#N/A","#N/A","#N/A","#N/A","#N/A","#N/A","#N/A","#N/A","#N/A","#N/A","#N/A","#N/A","#N/A","#N/A","#N/A","#N/A","#N/A"
"","","","$","","","0.0","0.0","0.0","0.0","0.0","0.0","0.0","0.0","0.0","0.0","0.0","0.0","0.0","0.0","0.0","0.0","0.0","0.0","0.0","0.0","0.0","0.0","0.0","0.0","0.0","0.0","0.0","0.0","0.0","0.0","0.0","0.0","0.0","0.0","0.0","0.0","0.0","0.0","0.0","0.0","0.0","0.0","0.0","0.0","0.0","0.0","10415319.4658","27957030.1102","38018778.0674","36432678.0906","13082450.1668","36145521.9366","22272598.5142","27962915.451","#N/A","#N/A","#N/A","#N/A","#N/A","#N/A","#N/A","#N/A","#N/A","#N/A","#N/A","#N/A","#N/A","#N/A","#N/A","#N/A","#N/A"
"Industrial","","","","","","","","","","","","","","","","","","","","","","","","","","","","","","","","","","","","","","","","","","","","","","","","","","","","","","","","","","","","","","","","","","","","","","","","","","","",""
"Note: Industrial figures exclude refinery activity","Electricity","ESISB","$","","","#N/A","#N/A","#N/A","#N/A","#N/A","#N/A","#N/A","#N/A","#N/A","#N/A","#N/A","#N/A","#N/A","#N/A","#N/A","#N/A","#N/A","#N/A","#N/A","#N/A","#N/A","#N/A","#N/A","#N/A","#N/A","#N/A","#N/A","#N/A","#N/A","#N/A","#N/A","#N/A","#N/A","#N/A","#N/A","#N/A","#N/A","#N/A","#N/A","#N/A","#N/A","#N/A","#N/A","#N/A","#N/A","#N/A","8363222.94286","23214503.6421","28699135.0342","26160199.1036","11642487.4977","28122556.6486","21620517.1025","29987453.9024","#N/A","#N/A","#N/A","#N/A","#N/A","#N/A","#N/A","#N/A","#N/A","#N/A","#N/A","#N/A","#N/A","#N/A","#N/A","#N/A","#N/A"
"","Gasoline","MGICB","$","","","438","482","517","465","424","401","384","401","321","286","260","313","402","321","359","278","281","278","313","250","255","269","271","201","274","546","533","566","579","676","701","788","796","1267","1279","1277","1349","1263","1386","810","834","636","755","715","881","693","707153.729645","1569521.95775","3120925.55497","2624467.60165","389273.196679","1108930.97386","569970.313277","226165.883696","#N/A","#N/A","#N/A","#N/A","#N/A","#N/A","#N/A","#N/A","#N/A","#N/A","#N/A","#N/A","#N/A","#N/A","#N/A","#N/A","#N/A"
"","Jet Fuel","-","$","","","0","0","0","0","0","0","0","0","0","0","0","0","0","0","0","0","0","0","0","0","0","0","0","0","0","0","0","0","0","0","0","0","0","0","0","0","0","0","0","0","0","0","0","0","0","0","0.0","0.0","0.0","0.0","0.0","0.0","0.0","0.0","0.0","0.0","#N/A","#N/A","#N/A","#N/A","#N/A","#N/A","#N/A","#N/A","#N/A","#N/A","#N/A","#N/A","#N/A","#N/A","#N/A"
"","Diesel","DFISB","$","","","#N/A","#N/A","#N/A","#N/A","#N/A","#N/A","#N/A","#N/A","#N/A","#N/A","#N/A","#N/A","#N/A","#N/A","#N/A","#N/A","#N/A","#N/A","#N/A","#N/A","#N/A","#N/A","#N/A","#N/A","#N/A","#N/A","#N/A","#N/A","#N/A","#N/A","#N/A","#N/A","#N/A","#N/A","#N/A","#N/A","#N/A","#N/A","#N/A","#N/A","#N/A","#N/A","#N/A","#N/A","#N/A","#N/A","1457566.888","2930968.10402","5209770.70883","4029764.61083","990464.314767","3080653.91721","1066713.69602","484284.645188","#N/A","#N/A","#N/A","#N/A","#N/A","#N/A","#N/A","#N/A","#N/A","#N/A","#N/A","#N/A","#N/A","#N/A","#N/A","#N/A","#N/A"
"","Fuel Oil","RFISB","$","","","#N/A","#N/A","#N/A","#N/A","#N/A","#N/A","#N/A","#N/A","#N/A","#N/A","#N/A","#N/A","#N/A","#N/A","#N/A","#N/A","#N/A","#N/A","#N/A","#N/A","#N/A","#N/A","#N/A","#N/A","#N/A","#N/A","#N/A","#N/A","#N/A","#N/A","#N/A","#N/A","#N/A","#N/A","#N/A","#N/A","#N/A","#N/A","#N/A","#N/A","#N/A","#N/A","#N/A","#N/A","#N/A","#N/A","1099025.6949","0.0","1378123.64333","0.0","0.0","370540.654888","243635.061507","911658.855663","#N/A","#N/A","#N/A","#N/A","#N/A","#N/A","#N/A","#N/A","#N/A","#N/A","#N/A","#N/A","#N/A","#N/A","#N/A","#N/A","#N/A"
"","LPG","LGISB","$","","","#N/A","#N/A","#N/A","#N/A","#N/A","#N/A","#N/A","#N/A","#N/A","#N/A","#N/A","#N/A","#N/A","#N/A","#N/A","#N/A","#N/A","#N/A","#N/A","#N/A","#N/A","#N/A","#N/A","#N/A","#N/A","#N/A","#N/A","#N/A","#N/A","#N/A","#N/A","#N/A","#N/A","#N/A","#N/A","#N/A","#N/A","#N/A","#N/A","#N/A","#N/A","#N/A","#N/A","#N/A","#N/A","#N/A","105411.455129","282329.007139","54593.8545537","301533.631285","145501.411516","253837.392465","3334.61919795","5975.13441947","#N/A","#N/A","#N/A","#N/A","#N/A","#N/A","#N/A","#N/A","#N/A","#N/A","#N/A","#N/A","#N/A","#N/A","#N/A","#N/A","#N/A"
"","SNG","NGISB","$","","","#N/A","#N/A","#N/A","#N/A","#N/A","#N/A","#N/A","#N/A","#N/A","#N/A","#N/A","#N/A","#N/A","#N/A","#N/A","#N/A","#N/A","#N/A","#N/A","#N/A","#N/A","#N/A","#N/A","#N/A","#N/A","#N/A","#N/A","#N/A","#N/A","#N/A","#N/A","#N/A","#N/A","#N/A","#N/A","#N/A","#N/A","#N/A","#N/A","#N/A","#N/A","#N/A","#N/A","#N/A","#N/A","#N/A","178721.266965","403774.684744","670906.363456","509821.678907","159628.588125","477508.895279","195928.866485","124768.516827","#N/A","#N/A","#N/A","#N/A","#N/A","#N/A","#N/A","#N/A","#N/A","#N/A","#N/A","#N/A","#N/A","#N/A","#N/A","#N/A","#N/A"
"","Biodiesel","-","$","","","0","0","0","0","0","0","0","0","0","0","0","0","0","0","0","0","0","0","0","0","0","0","0","0","0","0","0","0","0","0","0","0","0","0","0","0","0","0","0","0","0","0","0","0","0","0","0.0","0.0","0.0","0.0","0.0","0.0","0.0","0.0","0.0","0.0","0.0","0.0","0.0","0.0","0.0","0.0","0.0","0.0","0.0","0.0","0.0","0.0","0.0","0.0","0.0"
"","Ethanol","EMICB","$","","","0","0","0","0","0","0","0","0","0","0","0","0","0","0","0","0","0","0","0","0","0","0","0","0","0","0","0","0","0","0","0","0","0","0","0","0","0","0","0","0","0","0","0","0","0","14","20380.831315","60071.7211119","167953.184843","159479.030056","46057.4852312","83248.3103647","28821.5162428","16051.5317534","#N/A","#N/A","#N/A","#N/A","#N/A","#N/A","#N/A","#N/A","#N/A","#N/A","#N/A","#N/A","#N/A","#N/A","#N/A","#N/A","#N/A"
"","","","$","","","0.0","0.0","0.0","0.0","0.0","0.0","0.0","0.0","0.0","0.0","0.0","0.0","0.0","0.0","0.0","0.0","0.0","0.0","0.0","0.0","0.0","0.0","0.0","0.0","0.0","0.0","0.0","0.0","0.0","0.0","0.0","0.0","0.0","0.0","0.0","0.0","0.0","0.0","0.0","0.0","0.0","0.0","0.0","0.0","0.0","0.0","10724447.3094","27676134.7706","36651007.5005","32652471.1039","12559276.632","32078829.5068","22393160.0927","29736388.7338","#N/A","#N/A","#N/A","#N/A","#N/A","#N/A","#N/A","#N/A","#N/A","#N/A","#N/A","#N/A","#N/A","#N/A","#N/A","#N/A","#N/A"
"Ground and Water Transportation","","","","","","","","","","","","","","","","","","","","","","","","","","","","","","","","","","","","","","","","","","","","","","","","","","","","","","","","","","","","","","","","","","","","","","","","","","","",""
"","Electricity","ESTCB","$","","","4384","5302","6210","7095","7799","8368","9013","9281","10687","11757","12884","14287","15650","16695","17552","18117","19066","19771","20329","21151","21601","22675","22169","22454","22536","22637","23994","24901","26337","27195","28356","29084","29571","29541","30532","31348","32001","31947","31599","32008","33064","33385","33750","35454","36616","35959","0.0","0.0","0.0","0.0","0.0","0.0","0.0","0.0","#N/A","#N/A","#N/A","#N/A","#N/A","#N/A","#N/A","#N/A","#N/A","#N/A","#N/A","#N/A","#N/A","#N/A","#N/A","#N/A","#N/A"
"","Gasoline","MGTCB","$","","","18011","18628","19476","19733","20281","21444","22556","23774","25647","27189","29892","30844","32578","34713","34373","35542","36926","38905","40129","39428","37985","37744","38144","38031","39546","39890","41381","42998","44525","45985","45543","47120","46593","47590","48865","49103","48892","48781","48692","46654","48398","50587","54261","55177","56014","57283","56972411.1331","71429289.7896","131597009.902","118949311.34","26786274.8058","82660781.9031","42408199.6331","17189897.6938","#N/A","#N/A","#N/A","#N/A","#N/A","#N/A","#N/A","#N/A","#N/A","#N/A","#N/A","#N/A","#N/A","#N/A","#N/A","#N/A","#N/A"
"","Jet Fuel","JFTCB","$","","","23519","26540","26015","33588","37911","42262","52755","67277","77451","78939","80060","91531","91261","92860","83633","83464","79834","83618","83578","85912","79244","56165","41635","62471","72629","74436","56962","64386","67174","74414","71051","62557","56501","50409","53705","56358","57194","57955","56695","53720","53511","50437","57774","72056","75861","92831","0.0","0.0","0.0","0.0","0.0","0.0","0.0","0.0","0.0","0.0","#N/A","#N/A","#N/A","#N/A","#N/A","#N/A","#N/A","#N/A","#N/A","#N/A","#N/A","#N/A","#N/A","#N/A","#N/A"
"","Diesel","DFTXB","$","","","4943","9449","9271","7621","9917","9036","7643","6635","7824","8831","9315","9365","8790","9269","9314","8849","11009","13489","16260","33623","29705","30532","22953","9778","11119","21983","22157","15236","25383","25132","27234","32041","23566","21899","24193","20830","15301","13616","11868","16069","13508","17851","23876","34416","35812","27512","10937573.0569","41059511.2024","41529240.4297","31372502.0665","12359432.7014","31291880.045","9391750.81319","4675066.96279","#N/A","#N/A","#N/A","#N/A","#N/A","#N/A","#N/A","#N/A","#N/A","#N/A","#N/A","#N/A","#N/A","#N/A","#N/A","#N/A","#N/A"
"","Fuel Oil","RFTXB","$","","","12868","18318","16632","16738","17730","18470","20054","24800","27250","25523","21705","20515","19169","19082","15023","14928","15287","18258","16906","13630","18591","17679","20759","12063","15561","18170","22478","15513","32469","32066","32833","27699","38756","23537","28623","23665","10509","8456","15040","12866","16799","16793","11840","8031","11896","11979","19445202.2534","18106521.9281","27953623.4716","5135680.60675","10508953.8996","12968922.9211","8843797.55114","9657995.15674","#N/A","#N/A","#N/A","#N/A","#N/A","#N/A","#N/A","#N/A","#N/A","#N/A","#N/A","#N/A","#N/A","#N/A","#N/A","#N/A","#N/A"
"","LPG","LGTCB","$","","","443","552","676","927","1028","864","954","1092","1140","3476","3561","3659","3579","3564","3643","3254","3892","3308","2672","5936","5822","4934","7628","7627","461","508","481","600","681","711","679","806","2462","3165","5835","4730","4722","922","3187","1441","2142","2214","2883","1863","1755","1652","80313.4896225","157578.980729","58793.3818271","81938.4867623","20102.1686963","112571.365354","8336.54799487","28381.8884925","#N/A","#N/A","#N/A","#N/A","#N/A","#N/A","#N/A","#N/A","#N/A","#N/A","#N/A","#N/A","#N/A","#N/A","#N/A","#N/A","#N/A"
"","SNG","NGTXB","$","","","0","0","0","0","0","0","0","0","0","0","0","0","0","0","0","0","0","0","0","0","3015","2780","2773","2730","2438","2687","2674","2787","2816","2909","2983","2909","2892","2847","2920","2906","2825","2689","2803","2886","2975","2920","2898","2861","2907","2898","849.0321471","2621.9135373","3405.61605815","3247.27184017","1050.18807977","2938.51627864","1842.59122086","319.919273914","#N/A","#N/A","#N/A","#N/A","#N/A","#N/A","#N/A","#N/A","#N/A","#N/A","#N/A","#N/A","#N/A","#N/A","#N/A","#N/A","#N/A"
"","Biodiesel","Biofuels are calculated off of monthly data from DBEDT, making this section irrelevant","$","","","0","0","0","0","0","0","0","0","0","0","0","0","0","0","0","0","0","0","0","0","0","0","0","0","0","0","0","0","0","0","0","0","0","0","0","0","0","0","0","0","0","0","0","0","0","0","0.0","0.0","0.0","0.0","0.0","0.0","0.0","0.0","0.0","0.0","0.0","0.0","0.0","0.0","0.0","0.0","0.0","0.0","0.0","0.0","0.0","0.0","0.0","0.0","0.0"
"","Ethanol","EMTCB","$","","","0","0","0","0","0","0","0","0","0","0","0","0","0","0","0","0","0","0","0","0","0","14","3","0","0","0","0","0","0","0","0","0","0","0","0","0","0","0","0","0","0","0","0","0","0","1183","1598096.94959","2735698.65064","7054033.76342","7270608.0882","3168309.26631","6186210.64951","2135748.25492","1220739.56873","#N/A","#N/A","#N/A","#N/A","#N/A","#N/A","#N/A","#N/A","#N/A","#N/A","#N/A","#N/A","#N/A","#N/A","#N/A","#N/A","#N/A"
"","","","$","","","0.0","0.0","0.0","0.0","0.0","0.0","0.0","0.0","0.0","0.0","0.0","0.0","0.0","0.0","0.0","0.0","0.0","0.0","0.0","0.0","0.0","0.0","0.0","0.0","0.0","0.0","0.0","0.0","0.0","0.0","0.0","0.0","0.0","0.0","0.0","0.0","0.0","0.0","0.0","0.0","0.0","0.0","0.0","0.0","0.0","0.0","85283592.7768","114544555.931","169955676.221","159563489.301","47821677.1407","127653598.511","61947063.1218","25686979.7707","#N/A","#N/A","#N/A","#N/A","#N/A","#N/A","#N/A","#N/A","#N/A","#N/A","#N/A","#N/A","#N/A","#N/A","#N/A","#N/A","#N/A"
"Air Transportation","","","","","","","","","","","","","","","","","","","","","","","","","","","","","","","","","","","","","","","","","","","","","","","","","","","","","","","","","","","","","","","","","","","","","","","","","","","",""
"","Electricity","ESTCB","$","","","4384","5302","6210","7095","7799","8368","9013","9281","10687","11757","12884","14287","15650","16695","17552","18117","19066","19771","20329","21151","21601","22675","22169","22454","22536","22637","23994","24901","26337","27195","28356","29084","29571","29541","30532","31348","32001","31947","31599","32008","33064","33385","33750","35454","36616","35959","0.0","0.0","0.0","0.0","0.0","0.0","0.0","0.0","0.0","0.0","#N/A","#N/A","#N/A","#N/A","#N/A","#N/A","#N/A","#N/A","#N/A","#N/A","#N/A","#N/A","#N/A","#N/A","#N/A"
"","Gasoline","MGTCB","$","","","18011","18628","19476","19733","20281","21444","22556","23774","25647","27189","29892","30844","32578","34713","34373","35542","36926","38905","40129","39428","37985","37744","38144","38031","39546","39890","41381","42998","44525","45985","45543","47120","46593","47590","48865","49103","48892","48781","48692","46654","48398","50587","54261","55177","56014","57283","0.0","0.0","0.0","0.0","0.0","0.0","0.0","0.0","0.0","0.0","#N/A","#N/A","#N/A","#N/A","#N/A","#N/A","#N/A","#N/A","#N/A","#N/A","#N/A","#N/A","#N/A","#N/A","#N/A"
"","Jet Fuel","JFTCB","$","","","23519","26540","26015","33588","37911","42262","52755","67277","77451","78939","80060","91531","91261","92860","83633","83464","79834","83618","83578","85912","79244","56165","41635","62471","72629","74436","56962","64386","67174","74414","71051","62557","56501","50409","53705","56358","57194","57955","56695","53720","53511","50437","57774","72056","75861","92831","53046589.5248","97658872.5883","138310857.373","73553081.2988","30164073.9984","66080191.5235","27227712.8703","23286295.3086","#N/A","#N/A","#N/A","#N/A","#N/A","#N/A","#N/A","#N/A","#N/A","#N/A","#N/A","#N/A","#N/A","#N/A","#N/A","#N/A","#N/A"
"","Diesel","DFTXB","$","","","4943","9449","9271","7621","9917","9036","7643","6635","7824","8831","9315","9365","8790","9269","9314","8849","11009","13489","16260","33623","29705","30532","22953","9778","11119","21983","22157","15236","25383","25132","27234","32041","23566","21899","24193","20830","15301","13616","11868","16069","13508","17851","23876","34416","35812","27512","0.0","0.0","0.0","0.0","0.0","0.0","0.0","0.0","0.0","0.0","#N/A","#N/A","#N/A","#N/A","#N/A","#N/A","#N/A","#N/A","#N/A","#N/A","#N/A","#N/A","#N/A","#N/A","#N/A"
"","Fuel Oil","RFTXB","$","","","12868","18318","16632","16738","17730","18470","20054","24800","27250","25523","21705","20515","19169","19082","15023","14928","15287","18258","16906","13630","18591","17679","20759","12063","15561","18170","22478","15513","32469","32066","32833","27699","38756","23537","28623","23665","10509","8456","15040","12866","16799","16793","11840","8031","11896","11979","0.0","0.0","0.0","0.0","0.0","0.0","0.0","0.0","0.0","0.0","#N/A","#N/A","#N/A","#N/A","#N/A","#N/A","#N/A","#N/A","#N/A","#N/A","#N/A","#N/A","#N/A","#N/A","#N/A"
"","LPG","LGTCB","$","","","443","552","676","927","1028","864","954","1092","1140","3476","3561","3659","3579","3564","3643","3254","3892","3308","2672","5936","5822","4934","7628","7627","461","508","481","600","681","711","679","806","2462","3165","5835","4730","4722","922","3187","1441","2142","2214","2883","1863","1755","1652","0.0","0.0","0.0","0.0","0.0","0.0","0.0","0.0","0.0","0.0","#N/A","#N/A","#N/A","#N/A","#N/A","#N/A","#N/A","#N/A","#N/A","#N/A","#N/A","#N/A","#N/A","#N/A","#N/A"
"","SNG","NGTXB","$","","","0","0","0","0","0","0","0","0","0","0","0","0","0","0","0","0","0","0","0","0","3015","2780","2773","2730","2438","2687","2674","2787","2816","2909","2983","2909","2892","2847","2920","2906","2825","2689","2803","2886","2975","2920","2898","2861","2907","2898","0.0","0.0","0.0","0.0","0.0","0.0","0.0","0.0","#N/A","#N/A","#N/A","#N/A","#N/A","#N/A","#N/A","#N/A","#N/A","#N/A","#N/A","#N/A","#N/A","#N/A","#N/A","#N/A","#N/A"
"","Biodiesel","Biofuels are calculated off of monthly data from DBEDT, making this section irrelevant","$","","","0.0","0.0","0.0","0.0","0.0","0.0","0.0","0.0","0.0","0.0","0.0","0.0","0.0","0.0","0.0","0.0","0.0","0.0","0.0","0.0","0.0","0.0","0.0","0.0","0.0","0.0","0.0","0.0","0.0","0.0","0.0","0.0","0.0","0.0","0.0","0.0","0.0","0.0","0.0","0.0","0.0","0.0","0.0","0.0","0.0","0.0","0.0","0.0","0.0","0.0","0.0","0.0","0.0","0.0","0.0","0.0","0.0","0.0","0.0","0.0","0.0","0.0","0.0","0.0","0.0","0.0","0.0","0.0","0.0","0.0","0.0"
"","Ethanol","EMTCB","$","","","0","0","0","0","0","0","0","0","0","0","0","0","0","0","0","0","0","0","0","0","0","14","3","0","0","0","0","0","0","0","0","0","0","0","0","0","0","0","0","0","0","0","0","0","0","1183","0.0","0.0","0.0","0.0","0.0","0.0","0.0","0.0","0.0","0.0","#N/A","#N/A","#N/A","#N/A","#N/A","#N/A","#N/A","#N/A","#N/A","#N/A","#N/A","#N/A","#N/A","#N/A","#N/A"
"","","","$","","","0.0","0.0","0.0","0.0","0.0","0.0","0.0","0.0","0.0","0.0","0.0","0.0","0.0","0.0","0.0","0.0","0.0","0.0","0.0","0.0","0.0","0.0","0.0","0.0","0.0","0.0","0.0","0.0","0.0","0.0","0.0","0.0","0.0","0.0","0.0","0.0","0.0","0.0","0.0","0.0","0.0","0.0","0.0","0.0","0.0","0.0","53046589.5248","97658872.5883","138310857.373","73553081.2988","30164073.9984","66080191.5235","27227712.8703","23286295.3086","#N/A","#N/A","#N/A","#N/A","#N/A","#N/A","#N/A","#N/A","#N/A","#N/A","#N/A","#N/A","#N/A","#N/A","#N/A","#N/A","#N/A"
"Power","","","","","","","","","","","","","","","","","","","","","","","","","","","","","","","","","","","","","","","","","","","","","","","","","","","","","","","","","","","","","","","","","","","","","","","","","","","",""
"","","","$","","","0.0","0.0","0.0","0.0","0.0","0.0","0.0","0.0","0.0","0.0","0.0","0.0","0.0","0.0","0.0","0.0","0.0","0.0","0.0","0.0","0.0","0.0","0.0","0.0","0.0","0.0","0.0","0.0","0.0","0.0","0.0","0.0","0.0","0.0","0.0","0.0","0.0","0.0","0.0","0.0","0.0","0.0","0.0","0.0","0.0","0.0","0.0","0.0","0.0","0.0","0.0","0.0","0.0","0.0","0.0","0.0","0.0","0.0","0.0","0.0","0.0","0.0","0.0","0.0","0.0","0.0","0.0","0.0","0.0","0.0","0.0"
"All Sectors","","","","","","","","","","","","","","","","","","","","","","","","","","","","","","","","","","","","","","","","","","","","","","","","","","","","","","","","","","","","","","","","","","","","","","","","","","","",""
"","Electricity","","$","","","553143361","704371600","676780225","1128153744","1437243921","1786076644","2783090025","4526194729","5998657401","6231365721","6409603600","8377923961","8328570121","8622979600","6994478689","6966239296","6373467556","6991969924","6985282084","7380871744","6279611536","3153047104","1733223424","3902625841","5274971641","5540718096","3244669444","4145556996","4512346276","5537443396","5048244601","3913378249","3192363001","2541067281","2884227025","3176224164","3271153636","3358782025","3214323025","2885838400","2863427121","2543890969","3337835076","5192067136","5754891321","8402288896","23507095.8584","66008313.7322","81346234.0129","74571981.7039","32873598.2287","79214483.7241","58967044.2732","78990329.2131","#N/A","#N/A","#N/A","#N/A","#N/A","#N/A","#N/A","#N/A","#N/A","#N/A","#N/A","#N/A","#N/A","#N/A","#N/A","#N/A","#N/A"
"","Gasoline","","$","","","24433249","89283601","85951441","58079641","98346889","81649296","58415449","44023225","61214976","77986561","86769225","87703225","77264100","85914361","86750596","78304801","121198081","181953121","264387600","1130506129","882387025","932203024","526840209","95609284","123632161","483252289","490932649","232135696","644296689","631617424","741690756","1026625681","555356356","479566201","585301249","433888900","234120601","185395456","140849424","258212761","182466064","318658201","570063376","1184461056","1282499344","756910144","57740013.5534","73076547.5047","134870470.996","121709415.906","27208422.2805","83860561.5783","43027139.2268","17436712.1032","#N/A","#N/A","#N/A","#N/A","#N/A","#N/A","#N/A","#N/A","#N/A","#N/A","#N/A","#N/A","#N/A","#N/A","#N/A","#N/A","#N/A"
"","Jet Fuel","","$","","","165585424","335549124","276623424","280160644","314352900","341140900","402162916","615040000","742562500","651423529","471107025","420865225","367450561","364122724","225690529","222845184","233692369","333354564","285812836","185776900","345625281","312547041","430936081","145515969","242144721","330148900","505260484","240653169","1054235961","1028228356","1078005889","767234601","1502027536","553990369","819276129","560032225","110439081","71503936","226201600","165533956","282206401","282004849","140185600","64496961","141514816","143496441","53046589.5248","97658872.5883","138310857.373","73553081.2988","30164073.9984","66080191.5235","27227712.8703","23286295.3086","#N/A","#N/A","#N/A","#N/A","#N/A","#N/A","#N/A","#N/A","#N/A","#N/A","#N/A","#N/A","#N/A","#N/A","#N/A","#N/A","#N/A"
"","Diesel","","$","","","196249","304704","456976","859329","1056784","746496","910116","1192464","1299600","12082576","12680721","13388281","12809241","12702096","13271449","10588516","15147664","10942864","7139584","35236096","33895684","24344356","58186384","58171129","212521","258064","231361","360000","463761","505521","461041","649636","6061444","10017225","34047225","22372900","22297284","850084","10156969","2076481","4588164","4901796","8311689","3470769","3080025","2729104","13670857.4836","45863951.4098","50179968.021","38164647.0396","14163586.9327","37123849.4299","11223099.9904","5549425.68831","#N/A","#N/A","#N/A","#N/A","#N/A","#N/A","#N/A","#N/A","#N/A","#N/A","#N/A","#N/A","#N/A","#N/A","#N/A","#N/A","#N/A"
"","Fuel Oil","","$","","","0","0","0","0","0","0","0","0","0","0","0","0","0","0","0","0","0","0","0","0","9090225","7728400","7689529","7452900","5943844","7219969","7150276","7767369","7929856","8462281","8898289","8462281","8363664","8105409","8526400","8444836","7980625","7230721","7856809","8328996","8850625","8526400","8398404","8185321","8450649","8398404","20550738.764","18108457.1437","29331747.115","5135680.60675","10508953.8996","13339463.576","9087432.61264","10569654.0124","#N/A","#N/A","#N/A","#N/A","#N/A","#N/A","#N/A","#N/A","#N/A","#N/A","#N/A","#N/A","#N/A","#N/A","#N/A","#N/A","#N/A"
"","LPG","","$","","","553143361","704371600","676780225","1128153744","1437243921","1786076644","2783090025","4526194729","5998657401","6231365721","6409603600","8377923961","8328570121","8622979600","6994478689","6966239296","6373467556","6991969924","6985282084","7380871744","6279611536","3154507225","1733473225","3902625841","5274971641","5540718096","3244669444","4145556996","4512346276","5537443396","5048244601","3913378249","3192363001","2541067281","2884227025","3176224164","3271153636","3358782025","3214323025","2885838400","2863427121","2543890969","3337835076","5192067136","5754891321","8617594561","2173483.81291","4822573.38939","10834780.3653","10186592.6743","3000009.36639","7802740.7162","5737212.33007","4796539.15523","#N/A","#N/A","#N/A","#N/A","#N/A","#N/A","#N/A","#N/A","#N/A","#N/A","#N/A","#N/A","#N/A","#N/A","#N/A","#N/A","#N/A"
"","SNG","","$","","","0","0","0","0","0","0","0","0","0","0","0","0","0","0","0","0","0","0","0","0","0","196","9","0","0","0","0","0","0","0","0","0","0","0","0","0","0","0","0","0","0","0","0","0","0","1399489","1215389.51857","2531894.50585","4701452.96828","4331860.63479","1408827.30901","3950835.13663","1695183.92319","914969.123394","#N/A","#N/A","#N/A","#N/A","#N/A","#N/A","#N/A","#N/A","#N/A","#N/A","#N/A","#N/A","#N/A","#N/A","#N/A","#N/A","#N/A"
"","Biodiesel","","$","","","0","0","0","0","0","0","0","0","0","0","0","0","0","0","0","0","0","0","0","0","0","0","0","0","0","0","0","0","0","0","0","0","0","0","0","0","0","0","0","0","0","0","0","0","0","0","0.0","0.0","0.0","0.0","0.0","1638960.86275","2602544.27131","1600599.46286","2995438.04275","2520394.93451","0.0","0.0","0.0","0.0","0.0","0.0","0.0","0.0","0.0","0.0","0.0","0.0","0.0","0.0","0.0"
"","Ethanol","","$","","","0","0","0","0","0","0","0","0","0","0","0","0","0","0","0","0","0","0","0","0","0","0","0","0","0","0","0","0","0","0","0","0","0","0","0","0","0","0","0","0","0","0","0","0","0","0","1619676.65333","2799017.49181","7231065.4988","7438265.53006","3218081.06486","6276635.53836","2166786.81087","1238437.41143","#N/A","#N/A","#N/A","#N/A","#N/A","#N/A","#N/A","#N/A","#N/A","#N/A","#N/A","#N/A","#N/A","#N/A","#N/A","#N/A","#N/A"
"","All Fuels","","$","","","","","","","","","","","","","","","","","","","","","","","","","","","","","","","","","","","","","","","","","","","","","","","","","157797948.029","281339979.709","385102664.395","318796616.241","102236030.33","272707196.632","121344692.841","80541023.7802","#N/A","#N/A","#N/A","#N/A","#N/A","#N/A","#N/A","#N/A","#N/A","#N/A","#N/A","#N/A","#N/A","#N/A","#N/A","#N/A","#N/A"
"","","","","","","","","","","","","","","","","","","","","","","","","","","","","","","","","","","","","","","","","","","","","","","","","","","","","","","","","","","","","","","","","","","","","","","","","","","","",""
"Vairable PEV(c,y): Portfolio Expenditure Volatility by sector and year","","","","","","","","","","","","","","","","","","","","","","","","","","","","","","","","","","","","","","","","","","","","","","","","","","","","","","","","","","","","","","","","","","","","","","","","","","","",""
"Residential","","","","","","","","","","","","","","","","","","","","","","","","","","","","","","","","","","","","","","","","","","","","","","","","","","","","","","","","","","","","","","","","","","","","","","","","","","","",""
"","Total","","$","","","0.0","0.0","0.0","0.0","0.0","0.0","0.0","0.0","0.0","0.0","0.0","0.0","0.0","0.0","0.0","0.0","0.0","0.0","0.0","0.0","0.0","0.0","0.0","0.0","0.0","0.0","0.0","0.0","0.0","0.0","0.0","0.0","0.0","0.0","0.0","0.0","0.0","0.0","0.0","0.0","0.0","0.0","0.0","0.0","0.0","0.0","7916571.24117","22129233.9543","28034774.2398","26179399.9022","10483681.3868","25767031.9096","17960867.5023","21934078.2686","#N/A","#N/A","#N/A","#N/A","#N/A","#N/A","#N/A","#N/A","#N/A","#N/A","#N/A","#N/A","#N/A","#N/A","#N/A","#N/A","#N/A"
"Commercial","","","","","","","","","","","","","","","","","","","","","","","","","","","","","","","","","","","","","","","","","","","","","","","","","","","","","","","","","","","","","","","","","","","","","","","","","","","",""
"","","","$","","","0.0","0.0","0.0","0.0","0.0","0.0","0.0","0.0","0.0","0.0","0.0","0.0","0.0","0.0","0.0","0.0","0.0","0.0","0.0","0.0","0.0","0.0","0.0","0.0","0.0","0.0","0.0","0.0","0.0","0.0","0.0","0.0","0.0","0.0","0.0","0.0","0.0","0.0","0.0","0.0","0.0","0.0","0.0","0.0","0.0","0.0","10415319.4658","27957030.1102","38018778.0674","36432678.0906","13082450.1668","36145521.9366","22272598.5142","27962915.451","#N/A","#N/A","#N/A","#N/A","#N/A","#N/A","#N/A","#N/A","#N/A","#N/A","#N/A","#N/A","#N/A","#N/A","#N/A","#N/A","#N/A"
"Industrial (Excl. Refineries)","","","","","","","","","","","","","","","","","","","","","","","","","","","","","","","","","","","","","","","","","","","","","","","","","","","","","","","","","","","","","","","","","","","","","","","","","","","",""
"","","","$","","","0.0","0.0","0.0","0.0","0.0","0.0","0.0","0.0","0.0","0.0","0.0","0.0","0.0","0.0","0.0","0.0","0.0","0.0","0.0","0.0","0.0","0.0","0.0","0.0","0.0","0.0","0.0","0.0","0.0","0.0","0.0","0.0","0.0","0.0","0.0","0.0","0.0","0.0","0.0","0.0","0.0","0.0","0.0","0.0","0.0","0.0","10724447.3094","27676134.7706","36651007.5005","32652471.1039","12559276.632","32078829.5068","22393160.0927","29736388.7338","#N/A","#N/A","#N/A","#N/A","#N/A","#N/A","#N/A","#N/A","#N/A","#N/A","#N/A","#N/A","#N/A","#N/A","#N/A","#N/A","#N/A"
"Ground and Water Transportation","","","","","","","","","","","","","","","","","","","","","","","","","","","","","","","","","","","","","","","","","","","","","","","","","","","","","","","","","","","","","","","","","","","","","","","","","","","",""
"","","","$","","","0.0","0.0","0.0","0.0","0.0","0.0","0.0","0.0","0.0","0.0","0.0","0.0","0.0","0.0","0.0","0.0","0.0","0.0","0.0","0.0","0.0","0.0","0.0","0.0","0.0","0.0","0.0","0.0","0.0","0.0","0.0","0.0","0.0","0.0","0.0","0.0","0.0","0.0","0.0","0.0","0.0","0.0","0.0","0.0","0.0","0.0","85283592.7768","114544555.931","169955676.221","159563489.301","47821677.1407","127653598.511","61947063.1218","25686979.7707","#N/A","#N/A","#N/A","#N/A","#N/A","#N/A","#N/A","#N/A","#N/A","#N/A","#N/A","#N/A","#N/A","#N/A","#N/A","#N/A","#N/A"
"Air Transportation","","","","","","","","","","","","","","","","","","","","","","","","","","","","","","","","","","","","","","","","","","","","","","","","","","","","","","","","","","","","","","","","","","","","","","","","","","","",""
"","","","$","","","0.0","0.0","0.0","0.0","0.0","0.0","0.0","0.0","0.0","0.0","0.0","0.0","0.0","0.0","0.0","0.0","0.0","0.0","0.0","0.0","0.0","0.0","0.0","0.0","0.0","0.0","0.0","0.0","0.0","0.0","0.0","0.0","0.0","0.0","0.0","0.0","0.0","0.0","0.0","0.0","0.0","0.0","0.0","0.0","0.0","0.0","53046589.5248","97658872.5883","138310857.373","73553081.2988","30164073.9984","66080191.5235","27227712.8703","23286295.3086","#N/A","#N/A","#N/A","#N/A","#N/A","#N/A","#N/A","#N/A","#N/A","#N/A","#N/A","#N/A","#N/A","#N/A","#N/A","#N/A","#N/A"
"Power","","","","","","","","","","","","","","","","","","","","","","","","","","","","","","","","","","","","","","","","","","","","","","","","","","","","","","","","","","","","","","","","","","","","","","","","","","","",""
"","","","$","","","0.0","0.0","0.0","0.0","0.0","0.0","0.0","0.0","0.0","0.0","0.0","0.0","0.0","0.0","0.0","0.0","0.0","0.0","0.0","0.0","0.0","0.0","0.0","0.0","0.0","0.0","0.0","0.0","0.0","0.0","0.0","0.0","0.0","0.0","0.0","0.0","0.0","0.0","0.0","0.0","0.0","0.0","0.0","0.0","0.0","0.0","","","","","","","","","","","","","","","","","","","","","","","","",""
"All Sectors","","","","","","","","","","","","","","","","","","","","","","","","","","","","","","","","","","","","","","","","","","","","","","","","","","","","","","","","","","","","","","","","","","","","","","","","","","","",""
"","Total","","$","","","","","","","","","","","","","","","","","","","","","","","","","","","","","","","","","","","","","","","","","","","","","","","","","157797948.029","281339979.709","385102664.395","318796616.241","102236030.33","272707196.632","121344692.841","80541023.7802","#N/A","#N/A","#N/A","#N/A","#N/A","#N/A","#N/A","#N/A","#N/A","#N/A","#N/A","#N/A","#N/A","#N/A","#N/A","#N/A","#N/A"